10,0.15,-0.075
10.002,0.225,-0.075
10.004,0.13,-0.065
10.006,0.165,-0.05
10.008,-0.01,-0.03
10.01,-0.065,-0.01
10.012,0.12,0.005
10.014,-0.05,0.015
10.016,0.05,0.015
10.018,0.2,0.005
10.02,0.25,-0.015
10.022,0.17,-0.035
10.024,0.03,-0.055
10.026,-0.075,-0.065
10.028,0.07,-0.07
10.03,-0.015,-0.06
10.032,-0.075,-0.05
10.034,-0.06,-0.03
10.036,0.155,-0.015
10.038,0.22,0
10.04,0.115,0.01
10.042,0.1,0.01
10.044,0.195,0.015
10.046,0.085,0.015
10.048,0.135,0.02
10.05,0.11,0.03
10.052,0.16,0.045
10.054,0.13,0.065
10.056,0.08,0.08
10.058,0.18,0.09
10.06,0.175,0.095
10.062,0.185,0.09
10.064,0.345,0.08
10.066,0.275,0.06
10.068,0.11,0.035
10.07,-0.035,0.015
10.072,0.03,0
10.074,0.16,-0.015
10.076,-0.075,-0.02
10.078,-0.035,-0.02
10.08,0.12,-0.02
10.082,0.255,-0.025
10.084,0.27,-0.03
10.086,0.115,-0.04
10.088,-0.02,-0.05
10.09,-0.04,-0.06
10.092,-0.11,-0.07
10.094,-0.065,-0.075
10.096,-0.03,-0.075
10.098,-0.03,-0.075
10.1,0.15,-0.07
10.102,0.09,-0.06
10.104,0.155,-0.05
10.106,0.15,-0.04
10.108,0.09,-0.03
10.11,0.015,-0.02
10.112,-0.065,-0.015
10.114,-0.02,-0.01
10.116,0.05,-0.01
10.118,-0.015,-0.015
10.12,0.14,-0.02
10.122,0.295,-0.03
10.124,0.195,-0.045
10.126,0.08,-0.055
10.128,-0.005,-0.06
10.13,-0.08,-0.055
10.132,-0.045,-0.045
10.134,-0.03,-0.025
10.136,-0.03,0
10.138,0.165,0.025
10.14,0.29,0.05
10.142,0.295,0.055
10.144,0.29,0.05
10.146,0.17,0.03
10.148,0.105,0
10.15,0.04,-0.035
10.152,-0.13,-0.07
10.154,-0.26,-0.085
10.156,-0.13,-0.085
10.158,0.11,-0.065
10.16,0.205,-0.03
10.162,0.335,0.02
10.164,0.355,0.07
10.166,0.19,0.11
10.168,0.22,0.125
10.17,0.11,0.11
10.172,0.035,0.065
10.174,-0.035,0
10.176,-0.05,-0.09
10.178,-0.115,-0.18
10.18,-0.195,-0.265
10.182,-0.145,-0.335
10.184,-0.18,-0.39
10.186,-0.275,-0.42
10.188,-0.38,-0.435
10.19,-0.445,-0.44
10.192,-0.415,-0.435
10.194,-0.49,-0.425
10.196,-0.375,-0.42
10.198,-0.325,-0.405
10.2,-0.225,-0.39
10.202,-0.185,-0.36
10.204,-0.095,-0.325
10.206,-0.13,-0.275
10.208,-0.065,-0.215
10.21,-0.1,-0.155
10.212,-0.14,-0.09
10.214,-0.05,-0.04
10.216,0.04,0
10.218,0.22,0.025
10.22,0.235,0.03
10.222,0.315,0.025
10.224,0.13,0.015
10.226,0.02,0
10.228,0.055,-0.01
10.23,0.03,-0.02
10.232,-0.095,-0.025
10.234,0.06,-0.03
10.236,0.02,-0.035
10.238,0.055,-0.04
10.24,0.13,-0.045
10.242,0.16,-0.055
10.244,0.05,-0.065
10.246,0.01,-0.065
10.248,0.065,-0.06
10.25,0.04,-0.045
10.252,0.025,-0.025
10.254,0.015,0.005
10.256,-0.13,0.03
10.258,0.205,0.055
10.26,0.35,0.07
10.262,0.275,0.08
10.264,0.165,0.075
10.266,0.17,0.06
10.268,0.17,0.05
10.27,0.115,0.035
10.272,-0.02,0.025
10.274,-0.005,0.025
10.276,0.1,0.035
10.278,0.18,0.045
10.28,0.175,0.055
10.282,0.17,0.065
10.284,0.22,0.075
10.286,0.285,0.08
10.288,0.29,0.08
10.29,0.19,0.08
10.292,-0.08,0.085
10.294,-0.01,0.085
10.296,0.13,0.09
10.298,0.25,0.095
10.3,0.29,0.095
10.302,0.31,0.085
10.304,0.23,0.075
10.306,0.17,0.06
10.308,0.115,0.045
10.31,0.04,0.03
10.312,-0.07,0.025
10.314,0.065,0.035
10.316,0.035,0.05
10.318,0.175,0.075
10.32,0.185,0.105
10.322,0.425,0.125
10.324,0.315,0.14
10.326,0.345,0.14
10.328,0.235,0.125
10.33,0.145,0.1
10.332,-0.095,0.07
10.334,-0.07,0.045
10.336,0.03,0.035
10.338,0.195,0.03
10.34,0.295,0.045
10.342,0.275,0.065
10.344,0.375,0.095
10.346,0.245,0.12
10.348,0.155,0.14
10.35,0.1,0.15
10.352,0.12,0.15
10.354,0.18,0.145
10.356,0.135,0.145
10.358,0.24,0.145
10.36,0.44,0.16
10.362,0.46,0.18
10.364,0.34,0.205
10.366,0.225,0.235
10.368,0.35,0.26
10.37,0.39,0.275
10.372,0.2,0.275
10.374,0.17,0.265
10.376,0.19,0.24
10.378,0.345,0.205
10.38,0.44,0.175
10.382,0.43,0.145
10.384,0.33,0.13
10.386,0.255,0.13
10.388,0.095,0.135
10.39,-0.015,0.155
10.392,-0.03,0.185
10.394,0.27,0.21
10.396,0.49,0.235
10.398,0.45,0.255
10.4,0.525,0.26
10.402,0.525,0.255
10.404,0.27,0.24
10.406,0.285,0.22
10.408,0.135,0.19
10.41,0.06,0.155
10.412,-0.05,0.125
10.414,0.355,0.1
10.416,0.135,0.08
10.418,0.155,0.07
10.42,0.265,0.07
10.422,0.23,0.075
10.424,0.275,0.08
10.426,0.195,0.09
10.428,0.155,0.095
10.43,0.08,0.095
10.432,0.015,0.09
10.434,-0.025,0.075
10.436,0.1,0.065
10.438,0.235,0.05
10.44,0.35,0.04
10.442,0.315,0.035
10.444,0.125,0.035
10.446,-0.015,0.04
10.448,0.04,0.045
10.45,0.07,0.045
10.452,0.095,0.035
10.454,0,0.02
10.456,0.015,-0.005
10.458,0.1,-0.03
10.46,0.095,-0.055
10.462,0.18,-0.075
10.464,0.025,-0.09
10.466,-0.05,-0.09
10.468,-0.145,-0.08
10.47,-0.04,-0.065
10.472,-0.005,-0.05
10.474,-0.025,-0.03
10.476,0.065,-0.02
10.478,0.145,-0.015
10.48,0.1,-0.015
10.482,0.145,-0.025
10.484,0.175,-0.035
10.486,0.04,-0.045
10.488,-0.125,-0.055
10.49,-0.11,-0.06
10.492,-0.01,-0.065
10.494,-0.055,-0.06
10.496,0.025,-0.05
10.498,0.155,-0.04
10.5,0.125,-0.025
10.502,0.135,-0.005
10.504,0.18,0.015
10.506,0.17,0.03
10.508,0.07,0.04
10.51,0.025,0.045
10.512,0.01,0.035
10.514,0,0.015
10.516,-0.02,-0.01
10.518,0.04,-0.04
10.52,0.14,-0.075
10.522,0.175,-0.1
10.524,0.07,-0.115
10.526,-0.175,-0.125
10.528,-0.14,-0.12
10.53,-0.09,-0.105
10.532,-0.025,-0.085
10.534,-0.075,-0.06
10.536,0.005,-0.04
10.538,0.07,-0.02
10.54,0.21,-0.005
10.542,0.22,0.005
10.544,0.08,0.01
10.546,0.05,0.01
10.548,0.125,0.005
10.55,0.05,-0.005
10.552,-0.12,-0.015
10.554,-0.115,-0.03
10.556,0.065,-0.045
10.558,0.02,-0.055
10.56,0.115,-0.065
10.562,0.155,-0.065
10.564,0.175,-0.06
10.566,0.055,-0.04
10.568,-0.03,-0.02
10.57,-0.17,0.005
10.572,-0.04,0.03
10.574,0.145,0.045
10.576,0.21,0.05
10.578,0.115,0.04
10.58,0.13,0.025
10.582,0.13,0
10.584,0.155,-0.02
10.586,0.145,-0.04
10.588,-0.04,-0.045
10.59,-0.095,-0.045
10.592,-0.07,-0.035
10.594,-0.03,-0.02
10.596,0.08,-0.01
10.598,0.135,0
10.6,0.23,-0.005
10.602,0.185,-0.015
10.604,0.165,-0.03
10.606,-0.055,-0.05
10.608,-0.16,-0.07
10.61,-0.12,-0.09
10.612,-0.115,-0.095
10.614,-0.045,-0.095
10.616,0.02,-0.08
10.618,0.17,-0.065
10.62,0.265,-0.045
10.622,0.03,-0.025
10.624,0.055,-0.01
10.626,0.085,0
10.628,0.12,0.01
10.63,-0.08,0.01
10.632,-0.085,0.01
10.634,-0.02,0
10.636,0.145,-0.01
10.638,0.15,-0.02
10.64,0.2,-0.03
10.642,0.265,-0.04
10.644,-0.02,-0.05
10.646,-0.095,-0.055
10.648,-0.01,-0.055
10.65,-0.09,-0.05
10.652,-0.075,-0.045
10.654,-0.005,-0.035
10.656,0.105,-0.025
10.658,0.125,-0.02
10.66,0.185,-0.01
10.662,0.23,-0.005
10.664,0.155,-0.005
10.666,-0.025,-0.01
10.668,-0.07,-0.015
10.67,-0.115,-0.025
10.672,0.04,-0.03
10.674,-0.01,-0.035
10.676,0.07,-0.04
10.678,0.075,-0.04
10.68,0.19,-0.035
10.682,0.145,-0.03
10.684,0.15,-0.02
10.686,0.02,-0.015
10.688,-0.175,-0.01
10.69,-0.06,-0.01
10.692,-0.03,-0.015
10.694,0.08,-0.025
10.696,0.18,-0.035
10.698,0.085,-0.05
10.7,0.265,-0.065
10.702,0.055,-0.075
10.704,-0.13,-0.08
10.706,-0.135,-0.08
10.708,-0.09,-0.075
10.71,-0.08,-0.07
10.712,-0.03,-0.06
10.714,-0.03,-0.055
10.716,0.105,-0.05
10.718,0.17,-0.045
10.72,0.19,-0.045
10.722,0.165,-0.04
10.724,0.005,-0.035
10.726,-0.08,-0.025
10.728,-0.07,-0.015
10.73,0.055,-0.005
10.732,0.05,0.005
10.734,0.03,0.015
10.736,0.065,0.015
10.738,0.095,0.01
10.74,0.26,0
10.742,0.08,-0.01
10.744,0.095,-0.015
10.746,0.1,-0.015
10.748,0.095,-0.01
10.75,-0.055,0.005
10.752,-0.195,0.02
10.754,0.105,0.045
10.756,0.195,0.06
10.758,0.33,0.075
10.76,0.245,0.085
10.762,0.22,0.08
10.764,0.21,0.07
10.766,0.09,0.055
10.768,0.065,0.035
10.77,-0.075,0.015
10.772,-0.035,-0.005
10.774,-0.045,-0.02
10.776,0.09,-0.035
10.778,0.145,-0.045
10.78,0.145,-0.055
10.782,0.065,-0.06
10.784,-0.015,-0.065
10.786,-0.04,-0.07
10.788,-0.07,-0.07
10.79,-0.165,-0.07
10.792,-0.055,-0.07
10.794,0.02,-0.065
10.796,0.115,-0.065
10.798,0.145,-0.07
10.8,0.155,-0.07
10.802,0.07,-0.075
10.804,-0.16,-0.08
10.806,-0.11,-0.08
10.808,-0.14,-0.075
10.81,-0.075,-0.07
10.812,0.01,-0.06
10.814,0.17,-0.045
10.816,0.045,-0.025
10.818,0.195,-0.01
10.82,0.15,0
10.822,0.06,0.01
10.824,0.06,0.01
10.826,0.04,0.005
10.828,0.05,0
10.83,0.015,-0.01
10.832,-0.09,-0.02
10.834,0,-0.035
10.836,0.035,-0.04
10.838,0.16,-0.05
10.84,0.27,-0.05
10.842,0.12,-0.05
10.844,-0.095,-0.045
10.846,-0.135,-0.03
10.848,0.005,-0.015
10.85,-0.03,0.01
10.852,0.04,0.035
10.854,0.185,0.06
10.856,0.215,0.085
10.858,0.42,0.095
10.86,0.3,0.1
10.862,0.135,0.095
10.864,0,0.075
10.866,0.105,0.045
10.868,0,0.005
10.87,-0.135,-0.035
10.872,-0.115,-0.085
10.874,0,-0.135
10.876,0,-0.19
10.878,-0.04,-0.245
10.88,-0.055,-0.3
10.882,-0.385,-0.36
10.884,-0.335,-0.415
10.886,-0.385,-0.465
10.888,-0.63,-0.5
10.89,-0.69,-0.52
10.892,-0.645,-0.525
10.894,-0.425,-0.505
10.896,-0.17,-0.47
10.898,-0.19,-0.415
10.9,-0.095,-0.355
10.902,-0.225,-0.295
10.904,-0.295,-0.235
10.906,-0.145,-0.18
10.908,-0.115,-0.135
10.91,-0.045,-0.1
10.912,-0.09,-0.075
10.914,0.005,-0.055
10.916,0.01,-0.04
10.918,0.245,-0.03
10.92,0.205,-0.025
10.922,0.11,-0.02
10.924,0.055,-0.02
10.926,-0.145,-0.02
10.928,-0.065,-0.025
10.93,-0.105,-0.03
10.932,0.01,-0.035
10.934,0.12,-0.04
10.936,0.095,-0.035
10.938,0.185,-0.03
10.94,0.215,-0.015
10.942,0.17,0
10.944,0.105,0.02
10.946,-0.03,0.035
10.948,-0.12,0.05
10.95,-0.02,0.055
10.952,0.13,0.05
10.954,0.17,0.04
10.956,0.19,0.025
10.958,0.215,0.005
10.96,0.295,-0.015
10.962,0.105,-0.03
10.964,-0.13,-0.04
10.966,-0.14,-0.04
10.968,-0.155,-0.03
10.97,-0.05,-0.015
10.972,0.15,0.005
10.974,0.175,0.025
10.976,0.28,0.045
10.978,0.245,0.055
10.98,0.235,0.065
10.982,0.205,0.065
10.984,0.035,0.065
10.986,-0.1,0.06
10.988,-0.025,0.055
10.99,0.13,0.055
10.992,0.13,0.055
10.994,0.19,0.06
10.996,0.21,0.07
10.998,0.2,0.08
11,0.28,0.095
11.002,0.175,0.105
11.004,0.1,0.115
11.006,0.095,0.12
11.008,0.065,0.125
11.01,0.135,0.125
11.012,0.205,0.12
11.014,0.225,0.115
11.016,0.245,0.105
11.018,0.285,0.09
11.02,0.21,0.08
11.022,0.115,0.07
11.024,0.05,0.06
11.026,0.02,0.055
11.028,-0.005,0.055
11.03,0.045,0.055
11.032,0.09,0.06
11.034,0.19,0.065
11.036,0.26,0.075
11.038,0.25,0.085
11.04,0.305,0.1
11.042,0.245,0.11
11.044,0.145,0.125
11.046,0.135,0.14
11.048,0.09,0.16
11.05,0.06,0.175
11.052,0.105,0.185
11.054,0.34,0.19
11.056,0.415,0.195
11.058,0.485,0.19
11.06,0.45,0.185
11.062,0.275,0.18
11.064,0.205,0.17
11.066,0.165,0.17
11.068,-0.115,0.17
11.07,0,0.18
11.072,0.3,0.19
11.074,0.52,0.2
11.076,0.515,0.21
11.078,0.42,0.22
11.08,0.3,0.23
11.082,0.235,0.23
11.084,0.26,0.235
11.086,0.14,0.235
11.088,0.165,0.235
11.09,0.275,0.235
11.092,0.32,0.235
11.094,0.48,0.235
11.096,0.445,0.225
11.098,0.325,0.215
11.1,0.215,0.2
11.102,0.235,0.185
11.104,0.215,0.17
11.106,0.155,0.155
11.108,0.08,0.145
11.11,0.08,0.14
11.112,0.22,0.14
11.114,0.33,0.14
11.116,0.365,0.135
11.118,0.28,0.125
11.12,0.16,0.105
11.122,0.105,0.08
11.124,0.07,0.045
11.126,-0.015,0.015
11.128,0.05,-0.01
11.13,-0.02,-0.025
11.132,-0.075,-0.025
11.134,0.115,-0.005
11.136,0.26,0.025
11.138,0.22,0.06
11.14,0.1,0.095
11.142,0.165,0.115
11.144,0.32,0.12
11.146,0.14,0.11
11.148,0.025,0.08
11.15,-0.01,0.045
11.152,0.065,0.005
11.154,-0.01,-0.03
11.156,0.07,-0.045
11.158,0.23,-0.05
11.16,0.15,-0.035
11.162,0.065,-0.01
11.164,-0.065,0.015
11.166,-0.06,0.04
11.168,0.075,0.05
11.17,0.09,0.045
11.172,0.14,0.025
11.174,0.045,-0.005
11.176,0.075,-0.04
11.178,0.17,-0.07
11.18,0.01,-0.095
11.182,-0.075,-0.1
11.184,-0.095,-0.1
11.186,-0.11,-0.085
11.188,-0.17,-0.065
11.19,-0.04,-0.045
11.192,0.125,-0.03
11.194,0.25,-0.03
11.196,0.24,-0.035
11.198,0.01,-0.05
11.2,-0.035,-0.065
11.202,-0.135,-0.08
11.204,-0.125,-0.085
11.206,-0.015,-0.08
11.208,-0.065,-0.065
11.21,0.015,-0.04
11.212,0.04,-0.01
11.214,0.145,0.015
11.216,0.315,0.035
11.218,0.245,0.045
11.22,0.175,0.04
11.222,-0.015,0.03
11.224,-0.22,0.005
11.226,-0.11,-0.02
11.228,0.09,-0.045
11.23,0.015,-0.065
11.232,0.05,-0.075
11.234,0.095,-0.075
11.236,0.125,-0.07
11.238,0.15,-0.055
11.24,-0.01,-0.035
11.242,-0.04,-0.015
11.244,-0.115,0.005
11.246,-0.025,0.015
11.248,0.205,0.025
11.25,0.06,0.025
11.252,0.095,0.015
11.254,0.13,0
11.256,0.15,-0.015
11.258,0.11,-0.03
11.26,0.02,-0.045
11.262,-0.1,-0.055
11.264,-0.045,-0.06
11.266,-0.12,-0.06
11.268,-0.075,-0.055
11.27,-0.01,-0.05
11.272,0.135,-0.04
11.274,0.085,-0.035
11.276,0.195,-0.03
11.278,0.17,-0.025
11.28,0.07,-0.025
11.282,0.005,-0.025
11.284,-0.12,-0.025
11.286,-0.18,-0.025
11.288,-0.085,-0.02
11.29,0.11,-0.015
11.292,0.2,-0.01
11.294,0.205,-0.005
11.296,0.245,0
11.298,0.25,0.005
11.3,-0.08,0
11.302,-0.125,-0.005
11.304,0.06,-0.01
11.306,0,-0.02
11.308,-0.06,-0.03
11.31,-0.045,-0.03
11.312,0.035,-0.03
11.314,0.03,-0.025
11.316,0.24,-0.02
11.318,0.195,-0.01
11.32,0.07,0
11.322,0.02,0.005
11.324,0.03,0.005
11.326,-0.105,0
11.328,0.03,-0.01
11.33,0.01,-0.02
11.332,0.045,-0.03
11.334,0.13,-0.03
11.336,0.105,-0.03
11.338,0.155,-0.02
11.34,0.095,-0.005
11.342,0.06,0.01
11.344,-0.045,0.025
11.346,-0.095,0.035
11.348,0.09,0.04
11.35,0.055,0.035
11.352,0.18,0.02
11.354,0.245,0
11.356,0.255,-0.02
11.358,0.045,-0.04
11.36,-0.12,-0.055
11.362,-0.21,-0.065
11.364,-0.12,-0.07
11.366,-0.025,-0.07
11.368,0.02,-0.06
11.37,0.045,-0.05
11.372,0.13,-0.04
11.374,0.07,-0.025
11.376,0.11,-0.015
11.378,0.175,0
11.38,0.055,0.01
11.382,-0.03,0.015
11.384,-0.01,0.015
11.386,-0.045,0.015
11.388,0.09,0.005
11.39,0.195,-0.005
11.392,0.09,-0.015
11.394,-0.015,-0.025
11.396,0.07,-0.035
11.398,0.195,-0.04
11.4,0.06,-0.035
11.402,-0.095,-0.03
11.404,0.01,-0.025
11.406,-0.1,-0.02
11.408,-0.065,-0.015
11.41,0.045,-0.015
11.412,0.1,-0.025
11.414,0.195,-0.03
11.416,0.135,-0.04
11.418,0.1,-0.045
11.42,0.005,-0.05
11.422,-0.065,-0.045
11.424,-0.055,-0.035
11.426,-0.045,-0.025
11.428,0.03,-0.01
11.43,0.05,0
11.432,0.145,0.005
11.434,0.175,0.005
11.436,0.125,0
11.438,0.155,-0.01
11.44,0.13,-0.015
11.442,-0.04,-0.02
11.444,-0.245,-0.025
11.446,-0.07,-0.025
11.448,0.08,-0.02
11.45,0.17,-0.02
11.452,0.13,-0.02
11.454,0.135,-0.02
11.456,0.075,-0.02
11.458,0.085,-0.02
11.46,-0.055,-0.02
11.462,-0.055,-0.015
11.464,0.035,-0.005
11.466,0.11,0.005
11.468,-0.005,0.02
11.47,0.13,0.03
11.472,0.195,0.04
11.474,0.25,0.045
11.476,0.205,0.045
11.478,0.13,0.035
11.48,0.005,0.03
11.482,-0.095,0.02
11.484,-0.065,0.015
11.486,0.065,0.01
11.488,0.13,0.01
11.49,0.09,0.015
11.492,0.075,0.02
11.494,0.235,0.025
11.496,0.2,0.025
11.498,0.21,0.02
11.5,0.08,0.01
11.502,-0.05,0
11.504,-0.215,-0.015
11.506,-0.08,-0.025
11.508,0,-0.035
11.51,0.09,-0.035
11.512,0.19,-0.035
11.514,0.265,-0.035
11.516,0.14,-0.03
11.518,0.04,-0.025
11.52,-0.105,-0.025
11.522,-0.09,-0.025
11.524,-0.085,-0.03
11.526,-0.15,-0.035
11.528,-0.01,-0.035
11.53,0.295,-0.035
11.532,0.215,-0.035
11.534,0.13,-0.025
11.536,0.125,-0.02
11.538,-0.075,-0.015
11.54,-0.025,-0.015
11.542,-0.02,-0.02
11.544,-0.085,-0.03
11.546,-0.025,-0.045
11.548,0.025,-0.06
11.55,0.13,-0.075
11.552,0.01,-0.085
11.554,0.07,-0.09
11.556,0.085,-0.085
11.558,-0.015,-0.07
11.56,-0.025,-0.05
11.562,-0.03,-0.03
11.564,-0.18,-0.005
11.566,0.025,0.015
11.568,0.16,0.03
11.57,0.205,0.045
11.572,0.235,0.06
11.574,0.245,0.075
11.576,0.245,0.09
11.578,0.215,0.1
11.58,0.07,0.11
11.582,0.085,0.115
11.584,-0.03,0.105
11.586,0.16,0.085
11.588,0.18,0.045
11.59,0.16,-0.005
11.592,0.065,-0.07
11.594,0,-0.14
11.596,-0.145,-0.215
11.598,-0.345,-0.285
11.6,-0.315,-0.35
11.602,-0.37,-0.405
11.604,-0.49,-0.45
11.606,-0.615,-0.48
11.608,-0.48,-0.495
11.61,-0.165,-0.5
11.612,-0.295,-0.495
11.614,-0.455,-0.48
11.616,-0.4,-0.45
11.618,-0.37,-0.415
11.62,-0.32,-0.365
11.622,-0.26,-0.315
11.624,-0.25,-0.26
11.626,-0.215,-0.205
11.628,-0.05,-0.155
11.63,0.025,-0.11
11.632,0.055,-0.075
11.634,0.12,-0.055
11.636,0.235,-0.035
11.638,0.045,-0.03
11.64,-0.085,-0.025
11.642,-0.08,-0.025
11.644,-0.075,-0.025
11.646,-0.05,-0.025
11.648,0.075,-0.025
11.65,0.05,-0.025
11.652,0.205,-0.025
11.654,0.325,-0.02
11.656,0.065,-0.015
11.658,0,-0.01
11.66,-0.025,0
11.662,-0.02,0.005
11.664,-0.055,0.015
11.666,-0.03,0.025
11.668,0.14,0.03
11.67,0.255,0.025
11.672,0.235,0.025
11.674,0.14,0.015
11.676,0.1,0.005
11.678,-0.02,0
11.68,-0.08,-0.005
11.682,-0.035,-0.005
11.684,0.1,0
11.686,0.035,0.01
11.688,0.015,0.025
11.69,0.21,0.035
11.692,0.27,0.045
11.694,0.265,0.045
11.696,0.12,0.05
11.698,0.09,0.045
11.7,0.025,0.04
11.702,-0.08,0.035
11.704,-0.025,0.035
11.706,0.11,0.03
11.708,0.135,0.03
11.71,0.18,0.03
11.712,0.205,0.035
11.714,0.115,0.035
11.716,0.165,0.04
11.718,0.065,0.04
11.72,0.005,0.04
11.722,0.015,0.04
11.724,-0.065,0.04
11.726,0.09,0.04
11.728,0.265,0.04
11.73,0.205,0.04
11.732,0.16,0.045
11.734,0.175,0.05
11.736,0.2,0.055
11.738,0.04,0.065
11.74,0.055,0.08
11.742,0.005,0.09
11.744,0.115,0.1
11.746,0.215,0.11
11.748,0.305,0.12
11.75,0.285,0.12
11.752,0.26,0.12
11.754,0.24,0.115
11.756,0.09,0.11
11.758,0.055,0.1
11.76,0.25,0.1
11.762,0.12,0.1
11.764,0.02,0.105
11.766,0.09,0.12
11.768,0.28,0.14
11.77,0.325,0.165
11.772,0.405,0.185
11.774,0.425,0.205
11.776,0.36,0.22
11.778,0.195,0.225
11.78,0.18,0.225
11.782,0.11,0.215
11.784,0.17,0.205
11.786,0.16,0.195
11.788,0.36,0.185
11.79,0.425,0.175
11.792,0.38,0.17
11.794,0.225,0.17
11.796,0.215,0.17
11.798,0.215,0.18
11.8,0.205,0.185
11.802,0.14,0.195
11.804,0.15,0.2
11.806,0.21,0.205
11.808,0.395,0.21
11.81,0.36,0.215
11.812,0.435,0.215
11.814,0.41,0.21
11.816,0.36,0.205
11.818,0.15,0.2
11.82,0.04,0.19
11.822,0.175,0.18
11.824,0.235,0.17
11.826,0.175,0.16
11.828,0.165,0.145
11.83,0.33,0.135
11.832,0.345,0.13
11.834,0.265,0.125
11.836,0.25,0.12
11.838,0.06,0.12
11.84,0.005,0.12
11.842,0.08,0.12
11.844,0.22,0.12
11.846,0.15,0.115
11.848,0.225,0.105
11.85,0.245,0.09
11.852,0.24,0.07
11.854,0.195,0.055
11.856,0.16,0.035
11.858,0.01,0.02
11.86,-0.025,0.01
11.862,-0.07,0.005
11.864,-0.04,0
11.866,-0.03,0.005
11.868,0.165,0.01
11.87,0.165,0.015
11.872,0.29,0.025
11.874,0.14,0.03
11.876,0.135,0.035
11.878,0.095,0.035
11.88,0,0.025
11.882,-0.09,0.015
11.884,-0.025,0
11.886,-0.03,-0.02
11.888,0.14,-0.045
11.89,0.09,-0.065
11.892,0.08,-0.085
11.894,0.08,-0.095
11.896,-0.05,-0.1
11.898,-0.12,-0.095
11.9,-0.13,-0.085
11.902,-0.125,-0.06
11.904,-0.1,-0.035
11.906,0.04,-0.01
11.908,0.265,0.015
11.91,0.35,0.035
11.912,0.22,0.05
11.914,0.075,0.05
11.916,0.03,0.05
11.918,0.12,0.04
11.92,0.065,0.025
11.922,-0.185,0.01
11.924,-0.015,-0.01
11.926,0.115,-0.025
11.928,0.155,-0.04
11.93,0.09,-0.045
11.932,0.1,-0.05
11.934,0.09,-0.045
11.936,0.03,-0.035
11.938,-0.09,-0.025
11.94,-0.05,-0.01
11.942,-0.08,0
11.944,0.05,0.005
11.946,0.085,0.005
11.948,0.14,0
11.95,0.24,-0.015
11.952,0.085,-0.03
11.954,0.045,-0.04
11.956,-0.085,-0.055
11.958,-0.055,-0.06
11.96,-0.075,-0.06
11.962,-0.07,-0.06
11.964,-0.07,-0.05
11.966,0.065,-0.04
11.968,0.175,-0.03
11.97,0.14,-0.025
11.972,0.06,-0.015
11.974,0.01,-0.015
11.976,0.055,-0.01
11.978,0.11,-0.01
11.98,0.03,-0.01
11.982,-0.135,-0.01
11.984,-0.075,-0.01
11.986,0.125,-0.01
11.988,0.145,-0.015
11.99,0.14,-0.02
11.992,0.14,-0.025
11.994,0.115,-0.025
11.996,0.08,-0.03
11.998,-0.04,-0.025
12,-0.105,-0.015
12.002,-0.04,0.005
12.004,-0.015,0.02
12.006,0.105,0.04
12.008,0.235,0.055
12.01,0.285,0.06
12.012,0.315,0.06
12.014,0.215,0.055
12.016,0.15,0.04
12.018,-0.005,0.02
12.02,-0.2,0
12.022,-0.13,-0.015
12.024,-0.005,-0.025
12.026,0.155,-0.03
12.028,0.075,-0.03
12.03,0.215,-0.03
12.032,0.215,-0.025
12.034,0.07,-0.025
12.036,-0.015,-0.025
12.038,-0.025,-0.03
12.04,-0.115,-0.04
12.042,-0.155,-0.045
12.044,-0.07,-0.05
12.046,0.015,-0.055
12.048,0.155,-0.05
12.05,0.23,-0.04
12.052,0.17,-0.025
12.054,0.125,-0.015
12.056,-0.035,-0.005
12.058,0.01,0
12.06,-0.09,0
12.062,-0.055,-0.01
12.064,0.025,-0.02
12.066,0.16,-0.035
12.068,0.045,-0.045
12.07,0.07,-0.055
12.072,0.135,-0.055
12.074,0.095,-0.05
12.076,0.06,-0.04
12.078,0.02,-0.025
12.08,-0.065,-0.01
12.082,-0.065,0.005
12.084,-0.005,0.01
12.086,0.105,0.01
12.088,0.19,0.005
12.09,0.225,-0.005
12.092,0.17,-0.015
12.094,0.06,-0.025
12.096,-0.005,-0.035
12.098,-0.035,-0.035
12.1,-0.125,-0.03
12.102,-0.06,-0.02
12.104,-0.07,-0.005
12.106,0.11,0.005
12.108,0.24,0.015
12.11,0.345,0.025
12.112,0.285,0.025
12.114,0.075,0.025
12.116,-0.005,0.02
12.118,-0.075,0.015
12.12,-0.02,0.005
12.122,-0.03,0
12.124,0,-0.01
12.126,0.045,-0.015
12.128,0.11,-0.025
12.13,0.26,-0.03
12.132,0.175,-0.035
12.134,0.025,-0.035
12.136,-0.125,-0.04
12.138,-0.095,-0.04
12.14,-0.05,-0.04
12.142,-0.09,-0.04
12.144,0.08,-0.035
12.146,0.135,-0.035
12.148,0.04,-0.035
12.15,0.155,-0.03
12.152,0.185,-0.03
12.154,0.06,-0.03
12.156,-0.095,-0.03
12.158,-0.04,-0.035
12.16,-0.08,-0.04
12.162,-0.085,-0.04
12.164,-0.02,-0.045
12.166,0.055,-0.05
12.168,0.135,-0.05
12.17,0.21,-0.045
12.172,0.135,-0.035
12.174,0.08,-0.025
12.176,-0.065,-0.015
12.178,-0.005,0.005
12.18,-0.005,0.02
12.182,-0.025,0.03
12.184,0.02,0.04
12.186,0.205,0.05
12.188,0.31,0.05
12.19,0.275,0.045
12.192,0.15,0.035
12.194,0.06,0.025
12.196,-0.065,0.015
12.198,-0.02,0.005
12.2,0.02,0
12.202,-0.055,0.005
12.204,0.1,0.01
12.206,0.255,0.025
12.208,0.15,0.04
12.21,0.21,0.055
12.212,0.205,0.07
12.214,0.195,0.075
12.216,0.265,0.08
12.218,0.08,0.07
12.22,-0.12,0.055
12.222,-0.055,0.035
12.224,0.12,0.005
12.226,0.075,-0.025
12.228,0.09,-0.055
12.23,0.105,-0.085
12.232,0.045,-0.1
12.234,-0.01,-0.11
12.236,-0.06,-0.11
12.238,-0.205,-0.095
12.24,-0.115,-0.08
12.242,-0.065,-0.055
12.244,0.06,-0.03
12.246,0.16,-0.01
12.248,0.21,0
12.25,0.36,0.005
12.252,0.125,0.005
12.254,-0.08,-0.005
12.256,-0.015,-0.015
12.258,-0.075,-0.025
12.26,-0.12,-0.025
12.262,0.005,-0.02
12.264,0.06,-0.01
12.266,0.155,0.01
12.268,0.105,0.025
12.27,0.26,0.04
12.272,0.295,0.045
12.274,0.165,0.04
12.276,0,0.03
12.278,-0.095,0.01
12.28,-0.085,-0.015
12.282,-0.055,-0.035
12.284,-0.03,-0.045
12.286,0.08,-0.045
12.288,0.2,-0.035
12.29,0.205,-0.02
12.292,0.14,-0.005
12.294,0.015,0.01
12.296,0.075,0.015
12.298,0.065,0.01
12.3,-0.08,-0.01
12.302,-0.15,-0.03
12.304,-0.01,-0.05
12.306,0.04,-0.065
12.308,0.095,-0.065
12.31,0.2,-0.045
12.312,0.23,-0.015
12.314,0.165,0.025
12.316,0.035,0.07
12.318,-0.08,0.105
12.32,0.035,0.12
12.322,0.265,0.115
12.324,0.26,0.09
12.326,0.12,0.04
12.328,0.16,-0.03
12.33,0.065,-0.11
12.332,-0.13,-0.195
12.334,-0.26,-0.28
12.336,-0.4,-0.355
12.338,-0.455,-0.42
12.34,-0.485,-0.47
12.342,-0.53,-0.505
12.344,-0.5,-0.52
12.346,-0.43,-0.52
12.348,-0.405,-0.505
12.35,-0.295,-0.465
12.352,-0.335,-0.415
12.354,-0.23,-0.355
12.356,-0.11,-0.285
12.358,-0.245,-0.22
12.36,-0.21,-0.16
12.362,-0.125,-0.11
12.364,-0.015,-0.08
12.366,0.075,-0.06
12.368,0.13,-0.055
12.37,0.225,-0.055
12.372,0.115,-0.06
12.374,-0.005,-0.07
12.376,-0.065,-0.07
12.378,-0.215,-0.065
12.38,-0.195,-0.055
12.382,0.02,-0.045
12.384,0.1,-0.03
12.386,0.16,-0.015
12.388,0.26,-0.005
12.39,0.17,0.005
12.392,0.095,0.005
12.394,0.01,0.005
12.396,0.03,0.005
12.398,-0.03,0.01
12.4,0.005,0.01
12.402,0.09,0.02
12.404,0.075,0.03
12.406,0.135,0.045
12.408,0.25,0.055
12.41,0.375,0.065
12.412,0.205,0.075
12.414,0.085,0.08
12.416,0.07,0.08
12.418,0,0.075
12.42,-0.05,0.07
12.422,0.135,0.06
12.424,0.2,0.05
12.426,0.15,0.045
12.428,0.24,0.04
12.43,0.215,0.035
12.432,0.225,0.035
12.434,0.12,0.035
12.436,-0.04,0.04
12.438,-0.11,0.045
12.44,-0.035,0.05
12.442,0.095,0.055
12.444,0.28,0.06
12.446,0.3,0.065
12.448,0.25,0.07
12.45,0.2,0.08
12.452,0.21,0.085
12.454,0.165,0.09
12.456,0.095,0.095
12.458,-0.105,0.1
12.46,0.06,0.1
12.462,0.31,0.095
12.464,0.17,0.09
12.466,0.115,0.08
12.468,0.38,0.075
12.47,0.35,0.065
12.472,0.2,0.065
12.474,-0.035,0.065
12.476,0.035,0.065
12.478,-0.04,0.075
12.48,0.065,0.085
12.482,0.11,0.095
12.484,0.25,0.105
12.486,0.39,0.115
12.488,0.26,0.12
12.49,0.46,0.125
12.492,0.3,0.125
12.494,0.05,0.12
12.496,-0.015,0.115
12.498,-0.075,0.11
12.5,0.095,0.1
12.502,0.195,0.09
12.504,0.29,0.08
12.506,0.26,0.07
12.508,0.275,0.065
12.51,0.14,0.06
12.512,0.08,0.065
12.514,0.155,0.07
12.516,0.1,0.08
12.518,0.085,0.095
12.52,0.12,0.11
12.522,0.155,0.125
12.524,0.245,0.13
12.526,0.27,0.14
12.528,0.36,0.14
12.53,0.32,0.135
12.532,0.215,0.135
12.534,0.195,0.135
12.536,0.16,0.14
12.538,0.115,0.15
12.54,0.005,0.165
12.542,0.185,0.185
12.544,0.355,0.205
12.546,0.5,0.225
12.548,0.555,0.24
12.55,0.595,0.245
12.552,0.32,0.24
12.554,0.095,0.22
12.556,0.14,0.195
12.558,0.03,0.165
12.56,0.12,0.135
12.562,0.16,0.105
12.564,0.29,0.09
12.566,0.29,0.08
12.568,0.295,0.085
12.57,0.265,0.095
12.572,0.26,0.11
12.574,0.11,0.125
12.576,0.005,0.135
12.578,0.105,0.13
12.58,0.12,0.115
12.582,0.155,0.09
12.584,0.145,0.055
12.586,0.18,0.02
12.588,0.18,-0.01
12.59,0.155,-0.04
12.592,0.1,-0.05
12.594,0.025,-0.055
12.596,-0.2,-0.05
12.598,-0.125,-0.035
12.6,-0.06,-0.025
12.602,0.11,-0.01
12.604,0.185,-0.005
12.606,0.25,0
12.608,0.22,0
12.61,0.06,0
12.612,0.1,-0.005
12.614,0.095,0
12.616,-0.065,0.005
12.618,-0.17,0.01
12.62,-0.035,0.02
12.622,0.19,0.02
12.624,0.34,0.02
12.626,0.265,0.01
12.628,0.195,-0.01
12.63,-0.005,-0.035
12.632,-0.115,-0.06
12.634,-0.12,-0.08
12.636,-0.11,-0.1
12.638,-0.015,-0.105
12.64,-0.075,-0.1
12.642,0.035,-0.085
12.644,0.05,-0.06
12.646,0.17,-0.04
12.648,0.23,-0.02
12.65,0.13,-0.005
12.652,0.015,-0.005
12.654,-0.07,-0.01
12.656,-0.12,-0.02
12.658,-0.1,-0.035
12.66,0.05,-0.05
12.662,0.175,-0.065
12.664,0.145,-0.07
12.666,0.07,-0.07
12.668,0.11,-0.06
12.67,0.005,-0.055
12.672,-0.045,-0.045
12.674,-0.005,-0.04
12.676,-0.01,-0.035
12.678,0.005,-0.035
12.68,-0.07,-0.04
12.682,0.04,-0.04
12.684,0.155,-0.04
12.686,0.295,-0.035
12.688,0.13,-0.025
12.69,0.025,-0.02
12.692,0.055,-0.015
12.694,-0.08,-0.01
12.696,-0.06,-0.015
12.698,0.005,-0.02
12.7,0.025,-0.03
12.702,0.095,-0.035
12.704,0.16,-0.04
12.706,0.155,-0.035
12.708,0.05,-0.025
12.71,0.09,-0.01
12.712,-0.045,0.005
12.714,-0.005,0.015
12.716,0.095,0.015
12.718,0.125,0.01
12.72,0.08,-0.005
12.722,0.08,-0.025
12.724,-0.005,-0.045
12.726,0.055,-0.065
12.728,0.115,-0.07
12.73,0.085,-0.065
12.732,-0.005,-0.045
12.734,-0.025,-0.02
12.736,0.04,0.005
12.738,0.09,0.03
12.74,0.18,0.045
12.742,0.16,0.045
12.744,0.155,0.04
12.746,0.175,0.025
12.748,0.11,0.005
12.75,0.06,-0.015
12.752,0.015,-0.025
12.754,0.065,-0.03
12.756,-0.065,-0.025
12.758,-0.09,-0.015
12.76,0.115,0
12.762,0.235,0.01
12.764,0.195,0.015
12.766,0.16,0.015
12.768,0.165,0.01
12.77,0.04,0.005
12.772,-0.115,-0.005
12.774,0.03,-0.01
12.776,0.06,-0.015
12.778,0.055,-0.02
12.78,0.085,-0.02
12.782,0.095,-0.025
12.784,0.105,-0.025
12.786,0.09,-0.03
12.788,0,-0.03
12.79,0.035,-0.035
12.792,0.205,-0.035
12.794,0.06,-0.035
12.796,-0.185,-0.03
12.798,-0.14,-0.025
12.8,0.125,-0.025
12.802,0.26,-0.03
12.804,0.15,-0.04
12.806,0.17,-0.05
12.808,0.045,-0.065
12.81,-0.205,-0.08
12.812,-0.025,-0.085
12.814,0.045,-0.08
12.816,-0.16,-0.07
12.818,-0.08,-0.045
12.82,0.155,-0.02
12.822,0.265,0.01
12.824,0.245,0.03
12.826,0.175,0.04
12.828,0.13,0.04
12.83,0.14,0.03
12.832,-0.035,0.01
12.834,-0.01,-0.01
12.836,0.065,-0.03
12.838,-0.035,-0.045
12.84,-0.015,-0.045
12.842,0.155,-0.045
12.844,0.16,-0.04
12.846,0.12,-0.03
12.848,0.11,-0.025
12.85,0.07,-0.02
12.852,-0.015,-0.02
12.854,0.015,-0.02
12.856,-0.02,-0.015
12.858,0.035,-0.01
12.86,0.07,-0.005
12.862,0.165,0.005
12.864,0.09,0.01
12.866,0.215,0.015
12.868,0.24,0.005
12.87,0.18,-0.005
12.872,-0.065,-0.025
12.874,-0.18,-0.05
12.876,-0.03,-0.065
12.878,-0.01,-0.08
12.88,-0.125,-0.08
12.882,-0.04,-0.07
12.884,0.235,-0.055
12.886,0.295,-0.04
12.888,0.21,-0.02
12.89,0.06,-0.005
12.892,-0.095,0
12.894,-0.12,0
12.896,-0.02,-0.01
12.898,0.06,-0.015
12.9,0.18,-0.02
12.902,0.175,-0.02
12.904,0.21,-0.02
12.906,0.1,-0.015
12.908,0.12,-0.01
12.91,0.125,-0.01
12.912,-0.015,-0.015
12.914,-0.125,-0.02
12.916,-0.095,-0.03
12.918,0.035,-0.04
12.92,0.165,-0.045
12.922,0.175,-0.045
12.924,0.12,-0.04
12.926,0.085,-0.025
12.928,0.12,-0.005
12.93,0.165,0.01
12.932,0.055,0.025
12.934,-0.07,0.03
12.936,-0.06,0.03
12.938,0.105,0.025
12.94,0.19,0.015
12.942,0.095,0.01
12.944,0.205,0.01
12.946,0.31,0.015
12.948,0.21,0.03
12.95,0.015,0.04
12.952,0.045,0.055
12.954,-0.04,0.065
12.956,0.1,0.07
12.958,0.12,0.06
12.96,0.185,0.045
12.962,0.27,0.025
12.964,0.225,0
12.966,0.06,-0.025
12.968,0.03,-0.045
12.97,-0.025,-0.055
12.972,0.06,-0.065
12.974,-0.06,-0.065
12.976,-0.05,-0.065
12.978,-0.045,-0.06
12.98,0.03,-0.06
12.982,0.06,-0.05
12.984,0.125,-0.045
12.986,0.285,-0.035
12.988,0.165,-0.02
12.99,-0.105,-0.01
12.992,0.04,0.005
12.994,-0.015,0.02
12.996,0.06,0.03
12.998,0.075,0.03
13,0.12,0.03
13.002,0.215,0.025
13.004,0.255,0.015
13.006,0.195,0.01
13.008,0.115,0.005
13.01,0.07,0
13.012,-0.01,0.005
13.014,-0.05,0.01
13.016,-0.04,0.01
13.018,0.08,0.015
13.02,0.135,0.01
13.022,0.22,0
13.024,0.305,-0.01
13.026,0.25,-0.03
13.028,-0.03,-0.045
13.03,-0.065,-0.06
13.032,0.01,-0.07
13.034,-0.275,-0.07
13.036,-0.115,-0.06
13.038,0.105,-0.045
13.04,0.165,-0.025
13.042,0.205,-0.005
13.044,0.23,0.02
13.046,0.295,0.04
13.048,0.14,0.055
13.05,0.095,0.07
13.052,0.03,0.07
13.054,0.015,0.06
13.056,0,0.045
13.058,0.23,0.015
13.06,0.335,-0.025
13.062,0.09,-0.075
13.064,-0.015,-0.135
13.066,-0.165,-0.195
13.068,-0.205,-0.26
13.07,-0.315,-0.315
13.072,-0.29,-0.37
13.074,-0.455,-0.415
13.076,-0.365,-0.455
13.078,-0.385,-0.48
13.08,-0.405,-0.49
13.082,-0.32,-0.49
13.084,-0.3,-0.475
13.086,-0.29,-0.45
13.088,-0.355,-0.415
13.09,-0.29,-0.37
13.092,-0.32,-0.315
13.094,-0.25,-0.265
13.096,-0.085,-0.215
13.098,-0.085,-0.165
13.1,0.045,-0.125
13.102,0.05,-0.095
13.104,0.105,-0.075
13.106,0.115,-0.06
13.108,-0.055,-0.05
13.11,0.04,-0.045
13.112,0.03,-0.04
13.114,0.035,-0.035
13.116,0.105,-0.03
13.118,0.045,-0.02
13.12,0.09,-0.005
13.122,0.07,0.005
13.124,0.23,0.02
13.126,0.185,0.03
13.128,0.15,0.04
13.13,0.09,0.04
13.132,0.03,0.035
13.134,0.02,0.025
13.136,0.035,0.015
13.138,0.14,0
13.14,0.06,-0.015
13.142,0.12,-0.02
13.144,0.22,-0.02
13.146,0.17,-0.015
13.148,0.08,0
13.15,0.055,0.02
13.152,-0.02,0.04
13.154,0.05,0.06
13.156,0.14,0.07
13.158,0.21,0.075
13.16,0.26,0.075
13.162,0.3,0.065
13.164,0.32,0.05
13.166,0.165,0.04
13.168,-0.01,0.03
13.17,-0.005,0.025
13.172,0.09,0.03
13.174,0.045,0.035
13.176,0.02,0.04
13.178,0.22,0.045
13.18,0.225,0.05
13.182,0.19,0.045
13.184,0.18,0.04
13.186,0.265,0.035
13.188,0.105,0.03
13.19,-0.03,0.03
13.192,-0.07,0.035
13.194,0.04,0.05
13.196,0.23,0.065
13.198,0.24,0.08
13.2,0.195,0.095
13.202,0.315,0.105
13.204,0.36,0.11
13.206,0.225,0.115
13.208,0.235,0.11
13.21,0.075,0.1
13.212,-0.01,0.095
13.214,0.095,0.09
13.216,0.19,0.09
13.218,0.29,0.095
13.22,0.24,0.1
13.222,0.31,0.11
13.224,0.28,0.125
13.226,0.34,0.135
13.228,0.27,0.15
13.23,0.13,0.16
13.232,0.065,0.17
13.234,0.195,0.18
13.236,0.21,0.185
13.238,0.36,0.185
13.24,0.355,0.185
13.242,0.45,0.185
13.244,0.345,0.18
13.246,0.3,0.175
13.248,0.29,0.175
13.25,0.185,0.17
13.252,0.15,0.17
13.254,0.25,0.175
13.256,0.175,0.18
13.258,0.22,0.185
13.26,0.24,0.195
13.262,0.49,0.21
13.264,0.57,0.22
13.266,0.365,0.23
13.268,0.285,0.24
13.27,0.19,0.245
13.272,0.205,0.245
13.274,0.25,0.245
13.276,0.35,0.24
13.278,0.48,0.225
13.28,0.34,0.215
13.282,0.375,0.2
13.284,0.41,0.185
13.286,0.35,0.175
13.288,0.14,0.17
13.29,0.135,0.17
13.292,0.135,0.175
13.294,0.31,0.185
13.296,0.3,0.2
13.298,0.305,0.21
13.3,0.295,0.215
13.302,0.435,0.215
13.304,0.405,0.2
13.306,0.335,0.18
13.308,0.185,0.15
13.31,0.15,0.12
13.312,0.07,0.085
13.314,0.01,0.055
13.316,0.005,0.035
13.318,0.14,0.025
13.32,0.27,0.02
13.322,0.39,0.025
13.324,0.21,0.03
13.326,0.05,0.04
13.328,0.085,0.045
13.33,0.045,0.045
13.332,0.06,0.04
13.334,0.125,0.03
13.336,0.17,0.015
13.338,0.065,0.005
13.34,0.115,-0.01
13.342,0.17,-0.015
13.344,0.18,-0.02
13.346,0.175,-0.02
13.348,0.065,-0.02
13.35,-0.04,-0.015
13.352,-0.055,-0.015
13.354,0.025,-0.015
13.356,0.145,-0.02
13.358,0.055,-0.025
13.36,0.06,-0.03
13.362,0.125,-0.035
13.364,0.295,-0.04
13.366,0.065,-0.045
13.368,0.015,-0.05
13.37,-0.065,-0.055
13.372,-0.08,-0.065
13.374,-0.035,-0.075
13.376,-0.03,-0.08
13.378,0.075,-0.09
13.38,0.08,-0.09
13.382,0.08,-0.085
13.384,0.095,-0.08
13.386,0.025,-0.06
13.388,-0.065,-0.04
13.39,0,-0.015
13.392,0.105,0.005
13.394,0.165,0.025
13.396,0.105,0.04
13.398,0.16,0.04
13.4,0.11,0.035
13.402,0.185,0.02
13.404,0.235,0
13.406,0.09,-0.03
13.408,0.045,-0.06
13.41,-0.045,-0.085
13.412,-0.115,-0.105
13.414,-0.17,-0.115
13.416,-0.16,-0.115
13.418,-0.05,-0.105
13.42,0.205,-0.085
13.422,0.245,-0.06
13.424,0.18,-0.035
13.426,0.135,-0.01
13.428,0.01,0
13.43,0.035,0.005
13.432,-0.085,0
13.434,0,-0.02
13.436,0.135,-0.035
13.438,0.08,-0.055
13.44,0.085,-0.065
13.442,0.13,-0.07
13.444,0.06,-0.06
13.446,0.045,-0.04
13.448,0.095,-0.015
13.45,0.12,0.005
13.452,0.025,0.025
13.454,0,0.03
13.456,0.07,0.03
13.458,0.225,0.015
13.46,0.165,-0.005
13.462,0.135,-0.03
13.464,0.16,-0.045
13.466,0.04,-0.055
13.468,-0.015,-0.055
13.47,-0.065,-0.05
13.472,-0.04,-0.035
13.474,0.035,-0.02
13.476,0.14,-0.005
13.478,0.175,0
13.48,0.145,0
13.482,0.185,-0.005
13.484,0.19,-0.015
13.486,0.1,-0.02
13.488,-0.03,-0.025
13.49,-0.09,-0.025
13.492,-0.05,-0.015
13.494,-0.005,-0.01
13.496,0.22,0
13.498,0.27,0
13.5,0.175,0
13.502,0.115,-0.01
13.504,0.085,-0.025
13.506,0.06,-0.035
13.508,0.06,-0.045
13.51,0.01,-0.05
13.512,-0.125,-0.05
13.514,-0.175,-0.04
13.516,0.115,-0.03
13.518,0.15,-0.02
13.52,0.32,-0.01
13.522,0.275,0
13.524,0.13,0
13.526,-0.125,-0.005
13.528,0.015,-0.015
13.53,-0.005,-0.025
13.532,0.03,-0.035
13.534,0.035,-0.04
13.536,0.185,-0.045
13.538,0.105,-0.045
13.54,0.09,-0.045
13.542,0.095,-0.045
13.544,0.06,-0.045
13.546,-0.015,-0.04
13.548,0.005,-0.04
13.55,-0.03,-0.04
13.552,0.03,-0.035
13.554,0.06,-0.03
13.556,0.11,-0.025
13.558,0.16,-0.015
13.56,0.21,-0.01
13.562,0.14,0
13.564,0.185,0.005
13.566,0.085,0.015
13.568,0.005,0.02
13.57,0.01,0.02
13.572,-0.07,0.02
13.574,0.185,0.015
13.576,0.14,0.005
13.578,0.15,-0.01
13.58,0.2,-0.025
13.582,0.15,-0.045
13.584,0.125,-0.06
13.586,-0.115,-0.065
13.588,-0.015,-0.065
13.59,-0.08,-0.06
13.592,-0.055,-0.05
13.594,-0.005,-0.04
13.596,0.13,-0.03
13.598,0.205,-0.02
13.6,0.265,-0.02
13.602,0.225,-0.025
13.604,0.025,-0.035
13.606,-0.005,-0.04
13.608,-0.055,-0.05
13.61,-0.09,-0.045
13.612,0.005,-0.04
13.614,0.025,-0.025
13.616,0.16,-0.005
13.618,0.17,0.01
13.62,0.3,0.025
13.622,0.225,0.03
13.624,0.14,0.025
13.626,0.005,0.01
13.628,-0.015,-0.005
13.63,0,-0.025
13.632,0.065,-0.045
13.634,-0.005,-0.055
13.636,0.035,-0.06
13.638,0.155,-0.055
13.64,0.155,-0.05
13.642,0.08,-0.04
13.644,0.07,-0.03
13.646,0.205,-0.025
13.648,0.055,-0.02
13.65,-0.13,-0.02
13.652,-0.04,-0.02
13.654,0.055,-0.02
13.656,0.115,-0.02
13.658,0.115,-0.015
13.66,0.245,-0.015
13.662,0.22,-0.015
13.664,0.115,-0.015
13.666,0.1,-0.02
13.668,0.02,-0.02
13.67,-0.12,-0.02
13.672,-0.115,-0.015
13.674,0,-0.005
13.676,0.185,0.005
13.678,0.265,0.02
13.68,0.4,0.035
13.682,0.275,0.045
13.684,0.16,0.05
13.686,0.085,0.045
13.688,0.02,0.03
13.69,-0.035,0.015
13.692,0,-0.005
13.694,-0.04,-0.015
13.696,0.12,-0.015
13.698,0.285,-0.01
13.7,0.335,0.01
13.702,0.245,0.035
13.704,0.16,0.055
13.706,0.125,0.07
13.708,0.145,0.07
13.71,0,0.06
13.712,0.005,0.035
13.714,-0.02,0.005
13.716,0.13,-0.03
13.718,0.145,-0.06
13.72,0.185,-0.08
13.722,0.075,-0.08
13.724,0.08,-0.07
13.726,-0.01,-0.05
13.728,-0.1,-0.025
13.73,-0.02,-0.005
13.732,0.06,0.005
13.734,-0.02,0
13.736,0.265,-0.015
13.738,0.285,-0.035
13.74,0.06,-0.06
13.742,-0.02,-0.08
13.744,0.075,-0.085
13.746,0.055,-0.08
13.748,-0.12,-0.06
13.75,-0.16,-0.04
13.752,-0.04,-0.015
13.754,0.175,0
13.756,0.235,0.005
13.758,0.255,0
13.76,0.2,-0.01
13.762,0.105,-0.025
13.764,-0.045,-0.04
13.766,-0.025,-0.04
13.768,-0.03,-0.03
13.77,-0.045,-0.01
13.772,0.035,0.015
13.774,0.225,0.045
13.776,0.36,0.065
13.778,0.335,0.075
13.78,0.275,0.08
13.782,0.155,0.07
13.784,0.1,0.055
13.786,-0.035,0.045
13.788,0.01,0.04
13.79,0.09,0.04
13.792,0.175,0.045
13.794,0.28,0.05
13.796,0.285,0.045
13.798,0.225,0.015
13.8,0.13,-0.035
13.802,0.005,-0.11
13.804,-0.25,-0.205
13.806,-0.325,-0.315
13.808,-0.385,-0.42
13.81,-0.565,-0.505
13.812,-0.585,-0.565
13.814,-0.56,-0.59
13.816,-0.42,-0.585
13.818,-0.165,-0.545
13.82,-0.235,-0.49
13.822,-0.295,-0.42
13.824,-0.305,-0.355
13.826,-0.285,-0.295
13.828,-0.3,-0.25
13.83,-0.235,-0.215
13.832,-0.155,-0.185
13.834,0.015,-0.165
13.836,0.125,-0.145
13.838,0.185,-0.13
13.84,0.08,-0.11
13.842,0.06,-0.095
13.844,-0.035,-0.08
13.846,-0.075,-0.07
13.848,-0.145,-0.055
13.85,0,-0.045
13.852,0.1,-0.03
13.854,0.145,-0.015
13.856,0.175,0
13.858,0.11,0.02
13.86,0.175,0.04
13.862,0.34,0.055
13.864,0.175,0.065
13.866,0.095,0.065
13.868,0.03,0.06
13.87,-0.025,0.055
13.872,0.01,0.045
13.874,0.105,0.035
13.876,0.29,0.035
13.878,0.39,0.035
13.88,0.29,0.035
13.882,0.215,0.04
13.884,0.135,0.045
13.886,0.02,0.04
13.888,-0.115,0.03
13.89,-0.02,0.02
13.892,0.085,0.005
13.894,0.205,-0.005
13.896,0.255,-0.015
13.898,0.205,-0.015
13.9,0.085,-0.005
13.902,0.09,0.01
13.904,0.165,0.03
13.906,0.19,0.05
13.908,-0.065,0.065
13.91,0.09,0.075
13.912,0.15,0.08
13.914,0.215,0.075
13.916,0.25,0.07
13.918,0.285,0.055
13.92,0.22,0.045
13.922,0.15,0.035
13.924,0.065,0.03
13.926,0.025,0.03
13.928,0.01,0.035
13.93,0.015,0.04
13.932,0.16,0.055
13.934,0.22,0.07
13.936,0.305,0.085
13.938,0.335,0.105
13.94,0.32,0.125
13.942,0.275,0.14
13.944,0.27,0.155
13.946,0.26,0.16
13.948,0.19,0.16
13.95,0.07,0.155
13.952,0.115,0.14
13.954,0.295,0.125
13.956,0.335,0.105
13.958,0.305,0.09
13.96,0.265,0.075
13.962,0.155,0.07
13.964,0.065,0.075
13.966,0.06,0.08
13.968,0.165,0.095
13.97,0.095,0.105
13.972,0.24,0.12
13.974,0.335,0.125
13.976,0.305,0.135
13.978,0.39,0.135
13.98,0.3,0.14
13.982,0.18,0.14
13.984,0.18,0.14
13.986,0.14,0.145
13.988,0.21,0.155
13.99,0.205,0.165
13.992,0.31,0.175
13.994,0.33,0.185
13.996,0.375,0.2
13.998,0.38,0.215
14,0.495,0.23
14.002,0.42,0.245
14.004,0.235,0.26
14.006,0.165,0.265
14.008,0.34,0.27
14.01,0.295,0.27
14.012,0.28,0.26
14.014,0.335,0.245
14.016,0.505,0.23
14.018,0.49,0.21
14.02,0.37,0.19
14.022,0.295,0.175
14.024,0.12,0.16
14.026,0.185,0.155
14.028,0.185,0.15
14.03,0.125,0.145
14.032,0.15,0.14
14.034,0.315,0.135
14.036,0.31,0.13
14.038,0.44,0.125
14.04,0.42,0.115
14.042,0.2,0.105
14.044,0.045,0.1
14.046,-0.075,0.09
14.048,0.065,0.09
14.05,0.16,0.09
14.052,0.305,0.09
14.054,0.325,0.09
14.056,0.22,0.085
14.058,0.295,0.08
14.06,0.205,0.07
14.062,0.215,0.055
14.064,0.045,0.04
14.066,0.03,0.025
14.068,-0.06,0.01
14.07,-0.045,-0.005
14.072,0.12,-0.01
14.074,0.22,-0.015
14.076,0.295,-0.02
14.078,0.19,-0.015
14.08,0.085,-0.015
14.082,0.055,-0.01
14.084,0.035,-0.005
14.086,0,-0.005
14.088,0.065,-0.005
14.09,0,-0.01
14.092,0.1,-0.015
14.094,0.17,-0.015
14.096,0.22,-0.025
14.098,0.15,-0.03
14.1,0.015,-0.035
14.102,0.085,-0.045
14.104,-0.025,-0.055
14.106,-0.04,-0.065
14.108,-0.01,-0.075
14.11,-0.085,-0.09
14.112,0.04,-0.095
14.114,0.05,-0.1
14.116,0.065,-0.095
14.118,0.105,-0.09
14.12,0.05,-0.075
14.122,0.03,-0.06
14.124,0.085,-0.045
14.126,-0.06,-0.025
14.128,-0.07,-0.01
14.13,0.06,0.005
14.132,0.125,0.015
14.134,0.15,0.025
14.136,0.33,0.03
14.138,0.36,0.03
14.14,0.12,0.025
14.142,-0.06,0.02
14.144,0.045,0.005
14.146,-0.03,-0.01
14.148,0.02,-0.025
14.15,0.05,-0.045
14.152,0.14,-0.055
14.154,0.075,-0.06
14.156,0.12,-0.06
14.158,0.05,-0.05
14.16,0.2,-0.03
14.162,0.08,-0.005
14.164,-0.025,0.015
14.166,-0.065,0.03
14.168,0.015,0.035
14.17,0.185,0.025
14.172,0.275,0.005
14.174,0.195,-0.02
14.176,0.235,-0.05
14.178,0.02,-0.075
14.18,-0.1,-0.095
14.182,-0.06,-0.105
14.184,-0.095,-0.105
14.186,-0.115,-0.095
14.188,-0.01,-0.08
14.19,0.01,-0.07
14.192,0.145,-0.055
14.194,0.11,-0.05
14.196,0.155,-0.045
14.198,0.2,-0.045
14.2,0.095,-0.04
14.202,-0.01,-0.03
14.204,-0.065,-0.02
14.206,-0.095,-0.005
14.208,0.02,0.01
14.21,0.225,0.025
14.212,0.21,0.03
14.214,0.22,0.03
14.216,0.255,0.025
14.218,0.145,0.015
14.22,0.135,0.005
14.222,0.055,-0.01
14.224,0.045,-0.015
14.226,0.03,-0.015
14.228,-0.05,-0.01
14.23,-0.05,0
14.232,0.17,0.01
14.234,0.28,0.025
14.236,0.345,0.03
14.238,0.29,0.035
14.24,0.08,0.035
14.242,0.035,0.025
14.244,-0.02,0.015
14.246,0.005,0
14.248,0.045,-0.01
14.25,0.2,-0.02
14.252,0.145,-0.02
14.254,0.11,-0.02
14.256,0.12,-0.015
14.258,0.135,-0.01
14.26,0.225,-0.005
14.262,0.035,0.005
14.264,-0.02,0.005
14.266,0.01,0.005
14.268,0.03,0
14.27,0.095,-0.005
14.272,0.135,-0.015
14.274,0.135,-0.03
14.276,0.16,-0.04
14.278,0.115,-0.05
14.28,0.11,-0.06
14.282,-0.055,-0.06
14.284,-0.145,-0.06
14.286,0,-0.055
14.288,0.065,-0.05
14.29,-0.005,-0.04
14.292,0.11,-0.03
14.294,0.075,-0.02
14.296,0.28,-0.005
14.298,0.21,0.005
14.3,0.18,0.015
14.302,0.04,0.025
14.304,0.025,0.03
14.306,-0.045,0.035
14.308,0.12,0.03
14.31,0.095,0.025
14.312,0.145,0.015
14.314,0.165,0
14.316,0.22,-0.01
14.318,0.18,-0.025
14.32,0.135,-0.03
14.322,0,-0.03
14.324,-0.135,-0.02
14.326,-0.04,-0.01
14.328,-0.055,0
14.33,0.2,0.015
14.332,0.225,0.02
14.334,0.345,0.015
14.336,0.17,0.005
14.338,0.145,-0.01
14.34,-0.005,-0.03
14.342,-0.045,-0.05
14.344,-0.06,-0.065
14.346,0.01,-0.07
14.348,0.02,-0.065
14.35,0.025,-0.055
14.352,0.08,-0.035
14.354,0.14,-0.015
14.356,0.14,0
14.358,0.33,0.01
14.36,0.17,0.01
14.362,-0.01,0
14.364,-0.155,-0.025
14.366,-0.04,-0.05
14.368,-0.015,-0.07
14.37,0.055,-0.09
14.372,0.05,-0.095
14.374,0.045,-0.085
14.376,0.12,-0.065
14.378,0.2,-0.035
14.38,0.07,0
14.382,0.04,0.03
14.384,0.165,0.055
14.386,0.13,0.07
14.388,0.015,0.065
14.39,0.005,0.045
14.392,0.225,0.01
14.394,0.275,-0.025
14.396,0.255,-0.06
14.398,-0.06,-0.085
14.4,-0.095,-0.095
14.402,-0.05,-0.09
14.404,0.05,-0.075
14.406,-0.065,-0.05
14.408,0.02,-0.025
14.41,0.08,0
14.412,0.205,0.01
14.414,0.265,0.015
14.416,0.205,0.01
14.418,0.25,-0.005
14.42,0.025,-0.015
14.422,-0.025,-0.02
14.424,-0.085,-0.02
14.426,-0.045,-0.01
14.428,0.03,0.005
14.43,0.19,0.025
14.432,0.345,0.04
14.434,0.31,0.055
14.436,0.335,0.055
14.438,0.105,0.05
14.44,0.045,0.035
14.442,-0.03,0.02
14.444,0.005,0
14.446,0.04,-0.015
14.448,0.05,-0.025
14.45,0.145,-0.025
14.452,0.1,-0.025
14.454,0.21,-0.015
14.456,0.265,0
14.458,0.18,0.01
14.46,-0.035,0.02
14.462,0.025,0.025
14.464,0.015,0.025
14.466,0.135,0.015
14.468,0.085,0
14.47,0.05,-0.015
14.472,0.14,-0.035
14.474,0.215,-0.055
14.476,0.21,-0.065
14.478,0.06,-0.07
14.48,-0.085,-0.07
14.482,-0.165,-0.065
14.484,-0.165,-0.055
14.486,0.06,-0.04
14.488,0.1,-0.03
14.49,0.16,-0.02
14.492,0.11,-0.015
14.494,0.205,-0.02
14.496,0.25,-0.025
14.498,0.035,-0.03
14.5,-0.075,-0.035
14.502,0.03,-0.04
14.504,-0.01,-0.04
14.506,-0.11,-0.035
14.508,0.025,-0.025
14.51,0.185,-0.015
14.512,0.145,0
14.514,0.275,0.015
14.516,0.25,0.03
14.518,0.15,0.045
14.52,0.115,0.065
14.522,0.085,0.08
14.524,0.055,0.1
14.526,0.135,0.11
14.528,0.165,0.115
14.53,0.305,0.11
14.532,0.325,0.085
14.534,0.3,0.045
14.536,0.185,-0.015
14.538,-0.08,-0.09
14.54,-0.155,-0.175
14.542,-0.295,-0.27
14.544,-0.475,-0.365
14.546,-0.375,-0.445
14.548,-0.345,-0.51
14.55,-0.475,-0.555
14.552,-0.415,-0.57
14.554,-0.4,-0.56
14.556,-0.415,-0.525
14.558,-0.27,-0.47
14.56,-0.385,-0.41
14.562,-0.335,-0.345
14.564,-0.225,-0.285
14.566,-0.135,-0.235
14.568,-0.04,-0.195
14.57,-0.04,-0.17
14.572,-0.115,-0.15
14.574,0.025,-0.14
14.576,0.08,-0.135
14.578,0.055,-0.125
14.58,0.075,-0.11
14.582,-0.03,-0.09
14.584,-0.145,-0.065
14.586,-0.145,-0.04
14.588,0.025,-0.015
14.59,0.115,0
14.592,0.28,0.015
14.594,0.32,0.02
14.596,0.185,0.015
14.598,0.135,0.01
14.6,0.085,0
14.602,0.01,-0.01
14.604,-0.075,-0.015
14.606,-0.05,-0.02
14.608,0.03,-0.015
14.61,0.13,-0.01
14.612,0.285,0
14.614,0.25,0.015
14.616,0.22,0.025
14.618,0.085,0.04
14.62,0.095,0.055
14.622,0.135,0.065
14.624,0.1,0.08
14.626,-0.015,0.085
14.628,0.075,0.095
14.63,0.34,0.095
14.632,0.38,0.09
14.634,0.275,0.08
14.636,0.285,0.065
14.638,0.13,0.04
14.64,0.07,0.02
14.642,-0.035,0
14.644,-0.03,-0.015
14.646,-0.085,-0.02
14.648,0.05,-0.02
14.65,0.15,-0.005
14.652,0.31,0.015
14.654,0.35,0.04
14.656,0.31,0.065
14.658,0.185,0.085
14.66,0.06,0.095
14.662,0.03,0.1
14.664,0.055,0.095
14.666,0.135,0.085
14.668,0.245,0.08
14.67,0.265,0.075
14.672,0.235,0.075
14.674,0.315,0.08
14.676,0.255,0.09
14.678,0.125,0.095
14.68,0.195,0.1
14.682,0.11,0.1
14.684,-0.005,0.095
14.686,0.005,0.09
14.688,0.2,0.08
14.69,0.25,0.075
14.692,0.365,0.08
14.694,0.435,0.09
14.696,0.245,0.11
14.698,0.185,0.135
14.7,0.19,0.155
14.702,0.175,0.17
14.704,0.185,0.18
14.706,0.165,0.175
14.708,0.27,0.165
14.71,0.36,0.15
14.712,0.345,0.14
14.714,0.36,0.135
14.716,0.4,0.135
14.718,0.13,0.15
14.72,0.05,0.17
14.722,0.2,0.195
14.724,0.31,0.215
14.726,0.445,0.225
14.728,0.47,0.23
14.73,0.18,0.225
14.732,0.385,0.22
14.734,0.35,0.21
14.736,0.285,0.21
14.738,0.36,0.21
14.74,0.375,0.215
14.742,0.195,0.23
14.744,0.17,0.235
14.746,0.35,0.245
14.748,0.335,0.24
14.75,0.345,0.23
14.752,0.455,0.215
14.754,0.39,0.2
14.756,0.28,0.185
14.758,0.255,0.175
14.76,0.255,0.175
14.762,0.135,0.18
14.764,0.2,0.19
14.766,0.305,0.2
14.768,0.33,0.205
14.77,0.365,0.2
14.772,0.4,0.19
14.774,0.41,0.17
14.776,0.27,0.14
14.778,0.125,0.115
14.78,0.07,0.09
14.782,-0.045,0.07
14.784,0.215,0.06
14.786,0.14,0.06
14.788,0.235,0.065
14.79,0.3,0.075
14.792,0.19,0.085
14.794,0.175,0.09
14.796,0.255,0.09
14.798,0.175,0.08
14.8,0.2,0.065
14.802,0.05,0.04
14.804,-0.1,0.015
14.806,0.045,-0.015
14.808,0.17,-0.035
14.81,0.035,-0.05
14.812,0.235,-0.05
14.814,0.09,-0.045
14.816,0.085,-0.025
14.818,0.095,-0.005
14.82,0.15,0.025
14.822,0.085,0.045
14.824,-0.035,0.06
14.826,0.045,0.06
14.828,0.185,0.05
14.83,0.24,0.025
14.832,0.275,-0.01
14.834,0.175,-0.045
14.836,0.105,-0.08
14.838,-0.095,-0.1
14.84,-0.21,-0.11
14.842,-0.29,-0.105
14.844,-0.125,-0.09
14.846,0.13,-0.065
14.848,0.135,-0.04
14.85,0.13,-0.015
14.852,0.305,0.005
14.854,0.255,0.01
14.856,0.15,0.01
14.858,-0.015,0.005
14.86,-0.06,-0.005
14.862,-0.115,-0.015
14.864,-0.055,-0.02
14.866,0.11,-0.025
14.868,0.17,-0.025
14.87,0.3,-0.025
14.872,0.245,-0.025
14.874,0.145,-0.03
14.876,0.015,-0.035
14.878,-0.17,-0.045
14.88,-0.1,-0.055
14.882,-0.135,-0.06
14.884,0.015,-0.06
14.886,0.135,-0.055
14.888,0.19,-0.04
14.89,0.105,-0.025
14.892,0.24,-0.01
14.894,0.25,0
14.896,0.07,0.005
14.898,-0.01,0.005
14.9,-0.005,-0.005
14.902,-0.025,-0.025
14.904,-0.085,-0.045
14.906,0.055,-0.06
14.908,0.07,-0.065
14.91,0.125,-0.065
14.912,0.275,-0.06
14.914,0.24,-0.04
14.916,-0.015,-0.02
14.918,-0.015,-0.005
14.92,-0.005,0.005
14.922,0.005,0.01
14.924,0.14,0.005
14.926,0.11,-0.01
14.928,0.09,-0.03
14.93,0.1,-0.05
14.932,0.06,-0.06
14.934,0.09,-0.07
14.936,0.045,-0.07
14.938,0.09,-0.055
14.94,0.005,-0.04
14.942,-0.11,-0.015
14.944,0.055,0.005
14.946,0.08,0.025
14.948,0.135,0.035
14.95,0.265,0.04
14.952,0.185,0.04
14.954,0.33,0.03
14.956,0.18,0.015
14.958,-0.005,0
14.96,-0.165,-0.015
14.962,-0.055,-0.025
14.964,0.035,-0.03
14.966,0.125,-0.03
14.968,0.16,-0.025
14.97,0.2,-0.02
14.972,0.23,-0.01
14.974,0.185,0
14.976,0.105,0.01
14.978,-0.07,0.01
14.98,0.01,0.005
14.982,0.11,0
14.984,0,-0.01
14.986,-0.03,-0.02
14.988,0.125,-0.025
14.99,0.285,-0.03
14.992,0.205,-0.035
14.994,0.065,-0.035
14.996,0.14,-0.03
14.998,-0.055,-0.03
15,-0.075,-0.03
15.002,-0.055,-0.035
15.004,0.015,-0.04
15.006,0.085,-0.05
15.008,0.105,-0.06
15.01,0.16,-0.06
15.012,0.21,-0.06
15.014,0.085,-0.05
15.016,0.065,-0.03
15.018,0.04,-0.01
15.02,-0.07,0.01
15.022,-0.155,0.02
15.024,0.03,0.03
15.026,0.375,0.025
15.028,0.415,0.01
15.03,0.11,-0.01
15.032,0.01,-0.035
15.034,0.035,-0.055
15.036,-0.1,-0.07
15.038,0.005,-0.075
15.04,-0.03,-0.07
15.042,-0.01,-0.055
15.044,0.005,-0.035
15.046,0.075,-0.015
15.048,0.205,0.005
15.05,0.24,0.01
15.052,0.245,0.01
15.054,0.255,0.005
15.056,-0.02,-0.01
15.058,-0.015,-0.025
15.06,-0.075,-0.04
15.062,-0.135,-0.05
15.064,-0.015,-0.06
15.066,0.12,-0.06
15.068,0.235,-0.055
15.07,0.175,-0.05
15.072,0.05,-0.05
15.074,0.085,-0.045
15.076,0.125,-0.05
15.078,-0.005,-0.055
15.08,-0.235,-0.06
15.082,-0.04,-0.065
15.084,-0.035,-0.07
15.086,0,-0.07
15.088,0.095,-0.06
15.09,0.295,-0.05
15.092,0.275,-0.04
15.094,0.105,-0.025
15.096,-0.145,-0.01
15.098,-0.065,0
15.1,0.1,0.01
15.102,0.125,0.01
15.104,0.085,0.005
15.106,0.1,0
15.108,0.06,-0.005
15.11,0.22,-0.01
15.112,0.175,-0.01
15.114,0.165,-0.01
15.116,0.115,-0.005
15.118,0.025,0
15.12,-0.04,0.005
15.122,-0.02,0
15.124,0.065,-0.005
15.126,0.15,-0.02
15.128,0.145,-0.04
15.13,0.16,-0.06
15.132,0.115,-0.075
15.134,0.065,-0.09
15.136,-0.165,-0.09
15.138,-0.1,-0.08
15.14,-0.04,-0.065
15.142,0.085,-0.035
15.144,0.04,-0.01
15.146,0.22,0.02
15.148,0.22,0.045
15.15,0.195,0.055
15.152,0.215,0.06
15.154,0.22,0.055
15.156,0.125,0.045
15.158,0.035,0.025
15.16,-0.025,0.005
15.162,-0.055,-0.01
15.164,0.08,-0.025
15.166,0.085,-0.035
15.168,0.07,-0.045
15.17,0.205,-0.045
15.172,0.1,-0.04
15.174,0.14,-0.03
15.176,0.115,-0.02
15.178,-0.05,0
15.18,0.025,0.015
15.182,0.12,0.035
15.184,0.075,0.05
15.186,0.145,0.06
15.188,0.315,0.055
15.19,0.28,0.045
15.192,0.19,0.025
15.194,0.04,-0.01
15.196,0.07,-0.05
15.198,0.005,-0.09
15.2,-0.26,-0.125
15.202,-0.23,-0.15
15.204,-0.105,-0.16
15.206,0.025,-0.16
15.208,0.095,-0.15
15.21,0.155,-0.125
15.212,0.135,-0.1
15.214,0.025,-0.08
15.216,-0.04,-0.06
15.218,-0.01,-0.05
15.22,-0.005,-0.045
15.222,-0.045,-0.045
15.224,-0.1,-0.045
15.226,0.055,-0.05
15.228,0.21,-0.045
15.23,0.295,-0.04
15.232,0.18,-0.03
15.234,0.095,-0.02
15.236,0.03,-0.01
15.238,-0.045,0
15.24,-0.015,0.005
15.242,0.02,0.01
15.244,0.16,0.02
15.246,0.19,0.03
15.248,0.23,0.045
15.25,0.3,0.06
15.252,0.375,0.08
15.254,0.195,0.095
15.256,-0.07,0.105
15.258,0.035,0.1
15.26,0.13,0.08
15.262,0.17,0.045
15.264,0.29,-0.01
15.266,0.13,-0.07
15.268,0.005,-0.14
15.27,-0.145,-0.205
15.272,-0.195,-0.275
15.274,-0.325,-0.335
15.276,-0.385,-0.395
15.278,-0.435,-0.445
15.28,-0.445,-0.49
15.282,-0.41,-0.53
15.284,-0.49,-0.555
15.286,-0.48,-0.56
15.288,-0.38,-0.555
15.29,-0.27,-0.525
15.292,-0.405,-0.48
15.294,-0.495,-0.415
15.296,-0.3,-0.345
15.298,-0.115,-0.275
15.3,-0.13,-0.215
15.302,-0.13,-0.165
15.304,-0.06,-0.135
15.306,0.04,-0.115
15.308,0.165,-0.105
15.31,0.08,-0.1
15.312,0.05,-0.095
15.314,0.04,-0.085
15.316,-0.015,-0.07
15.318,-0.08,-0.05
15.32,-0.025,-0.025
15.322,-0.005,-0.005
15.324,0.14,0.01
15.326,0.225,0.02
15.328,0.255,0.025
15.33,0.245,0.03
15.332,0.175,0.035
15.334,0.07,0.045
15.336,-0.03,0.06
15.338,-0.04,0.075
15.34,0.185,0.09
15.342,0.24,0.1
15.344,0.35,0.095
15.346,0.28,0.08
15.348,0.245,0.05
15.35,0.14,0.015
15.352,0.04,-0.025
15.354,-0.035,-0.06
15.356,-0.13,-0.08
15.358,-0.15,-0.08
15.36,0,-0.065
15.362,0.04,-0.04
15.364,0.18,-0.005
15.366,0.29,0.03
15.368,0.355,0.055
15.37,0.205,0.075
15.372,0.09,0.075
15.374,0.12,0.065
15.376,0.175,0.05
15.378,-0.015,0.035
15.38,0.05,0.02
15.382,0.03,0.02
15.384,0.135,0.025
15.386,0.255,0.04
15.388,0.37,0.06
15.39,0.265,0.08
15.392,0.295,0.095
15.394,0.155,0.1
15.396,0.02,0.1
15.398,-0.01,0.085
15.4,0.11,0.07
15.402,0.15,0.055
15.404,0.185,0.05
15.406,0.145,0.05
15.408,0.335,0.06
15.41,0.295,0.08
15.412,0.28,0.105
15.414,0.255,0.13
15.416,0.135,0.155
15.418,-0.005,0.165
15.42,0.13,0.17
15.422,0.305,0.16
15.424,0.315,0.14
15.426,0.415,0.115
15.428,0.41,0.09
15.43,0.125,0.07
15.432,0.125,0.06
15.434,0.055,0.055
15.436,0.08,0.065
15.438,0.085,0.075
15.44,0.22,0.095
15.442,0.24,0.115
15.444,0.29,0.135
15.446,0.245,0.155
15.448,0.345,0.17
15.45,0.31,0.18
15.452,0.215,0.19
15.454,0.3,0.2
15.456,0.435,0.205
15.458,0.215,0.21
15.46,0.115,0.215
15.462,0.295,0.22
15.464,0.37,0.22
15.466,0.43,0.22
15.468,0.43,0.22
15.47,0.465,0.215
15.472,0.32,0.215
15.474,0.225,0.215
15.476,0.19,0.215
15.478,0.13,0.22
15.48,0.245,0.225
15.482,0.4,0.235
15.484,0.405,0.245
15.486,0.51,0.25
15.488,0.5,0.255
15.49,0.39,0.26
15.492,0.35,0.26
15.494,0.27,0.255
15.496,0.195,0.245
15.498,0.135,0.23
15.5,0.24,0.21
15.502,0.345,0.195
15.504,0.44,0.175
15.506,0.345,0.15
15.508,0.365,0.13
15.51,0.305,0.11
15.512,0.135,0.09
15.514,0.08,0.07
15.516,0.07,0.05
15.518,0.02,0.035
15.52,-0.055,0.025
15.522,0.095,0.015
15.524,0.21,0.01
15.526,0.39,0.005
15.528,0.275,0.005
15.53,0.1,0.005
15.532,0.05,0.005
15.534,-0.025,0.005
15.536,-0.02,0
15.538,0.04,0
15.54,0.08,-0.005
15.542,0.13,0
15.544,0.165,0
15.546,0.13,0.005
15.548,0.19,0.015
15.55,0.125,0.025
15.552,0.165,0.035
15.554,0.1,0.04
15.556,0.035,0.045
15.558,0.035,0.04
15.56,0.135,0.035
15.562,0.115,0.025
15.564,0.095,0.015
15.566,0.245,0
15.568,0.16,-0.01
15.57,0.095,-0.025
15.572,0.09,-0.04
15.574,0.01,-0.055
15.576,-0.145,-0.065
15.578,-0.105,-0.075
15.58,0.025,-0.085
15.582,0.155,-0.085
15.584,0.025,-0.08
15.586,0.1,-0.07
15.588,0.11,-0.055
15.59,0.13,-0.04
15.592,0.14,-0.025
15.594,0.05,-0.01
15.596,0.055,-0.005
15.598,-0.025,-0.01
15.6,-0.045,-0.02
15.602,-0.04,-0.035
15.604,0.105,-0.05
15.606,0.185,-0.06
15.608,0.185,-0.07
15.61,0.14,-0.07
15.612,0,-0.065
15.614,-0.1,-0.06
15.616,-0.095,-0.05
15.618,-0.07,-0.04
15.62,0.065,-0.035
15.622,0.185,-0.035
15.624,0.11,-0.035
15.626,0.155,-0.035
15.628,0.265,-0.035
15.63,0.085,-0.03
15.632,0.035,-0.02
15.634,0.015,-0.005
15.636,0.025,0.01
15.638,0.085,0.025
15.64,0.05,0.04
15.642,0.085,0.045
15.644,0.185,0.04
15.646,0.37,0.025
15.648,0.32,0
15.65,0.22,-0.03
15.652,-0.2,-0.065
15.654,-0.245,-0.095
15.656,-0.145,-0.12
15.658,-0.005,-0.13
15.66,-0.05,-0.13
15.662,0,-0.12
15.664,0.13,-0.095
15.666,0.17,-0.07
15.668,0.18,-0.04
15.67,0.06,-0.015
15.672,0.07,0
15.674,0.065,0.005
15.676,-0.105,-0.005
15.678,-0.01,-0.02
15.68,0.155,-0.04
15.682,0.24,-0.055
15.684,0.015,-0.065
15.686,0.07,-0.065
15.688,0.12,-0.055
15.69,0.11,-0.035
15.692,0.005,-0.005
15.694,0.13,0.02
15.696,0.09,0.035
15.698,-0.01,0.045
15.7,0.06,0.035
15.702,0.165,0.02
15.704,0.215,-0.005
15.706,0.195,-0.03
15.708,0.115,-0.045
15.71,0.085,-0.055
15.712,-0.065,-0.045
15.714,0.02,-0.03
15.716,0.02,-0.005
15.718,0.015,0.02
15.72,0.08,0.035
15.722,0.18,0.04
15.724,0.3,0.025
15.726,0.315,0
15.728,0.21,-0.035
15.73,-0.06,-0.07
15.732,-0.13,-0.105
15.734,-0.13,-0.125
15.736,-0.19,-0.13
15.738,-0.13,-0.12
15.74,-0.04,-0.095
15.742,0.175,-0.065
15.744,0.315,-0.035
15.746,0.28,-0.01
15.748,0.18,0.005
15.75,0.1,0.005
15.752,-0.13,-0.005
15.754,-0.065,-0.025
15.756,-0.09,-0.045
15.758,-0.08,-0.06
15.76,0.1,-0.07
15.762,0.15,-0.07
15.764,0.155,-0.06
15.766,0.155,-0.04
15.768,0.16,-0.015
15.77,0.155,0.005
15.772,0.1,0.02
15.774,0.055,0.025
15.776,-0.025,0.02
15.778,-0.055,0.005
15.78,0.02,-0.015
15.782,0.16,-0.035
15.784,0.27,-0.045
15.786,0.275,-0.05
15.788,0.105,-0.045
15.79,0.015,-0.025
15.792,-0.025,-0.005
15.794,0.01,0.015
15.796,-0.01,0.03
15.798,0.05,0.03
15.8,0.215,0.015
15.802,0.28,-0.01
15.804,0.135,-0.045
15.806,0.07,-0.08
15.808,0.145,-0.11
15.81,-0.205,-0.125
15.812,-0.21,-0.125
15.814,-0.12,-0.11
15.816,0.015,-0.085
15.818,0.115,-0.05
15.82,0.095,-0.02
15.822,0.225,0.005
15.824,0.28,0.015
15.826,0.12,0.015
15.828,0.115,0.01
15.83,0.09,-0.005
15.832,0.01,-0.015
15.834,0.02,-0.025
15.836,-0.065,-0.025
15.838,0.075,-0.02
15.84,0.165,-0.01
15.842,0.155,0.005
15.844,0.135,0.015
15.846,0.22,0.025
15.848,0.24,0.03
15.85,0.095,0.03
15.852,0.105,0.025
15.854,0.09,0.025
15.856,-0.035,0.025
15.858,0.03,0.025
15.86,0.19,0.03
15.862,0.22,0.04
15.864,0.19,0.045
15.866,0.29,0.045
15.868,0.225,0.04
15.87,0.055,0.03
15.872,0.06,0.015
15.874,0.02,-0.005
15.876,-0.085,-0.025
15.878,-0.15,-0.04
15.88,0.115,-0.05
15.882,0.21,-0.055
15.884,0.27,-0.055
15.886,0.2,-0.05
15.888,0.005,-0.04
15.89,0.025,-0.03
15.892,-0.015,-0.02
15.894,-0.08,-0.01
15.896,0.02,0
15.898,0.045,0.01
15.9,0.295,0.02
15.902,0.215,0.025
15.904,0.2,0.025
15.906,0.065,0.02
15.908,0.16,0.01
15.91,0.18,-0.005
15.912,0.06,-0.02
15.914,-0.115,-0.04
15.916,-0.06,-0.06
15.918,-0.01,-0.075
15.92,-0.075,-0.08
15.922,0.06,-0.085
15.924,0.24,-0.08
15.926,0.26,-0.07
15.928,0.09,-0.055
15.93,-0.055,-0.04
15.932,-0.085,-0.025
15.934,-0.045,-0.015
15.936,0.03,-0.005
15.938,0.175,0.005
15.94,0.265,0.005
15.942,0.18,0.005
15.944,0.245,0
15.946,0.085,-0.01
15.948,0.06,-0.02
15.95,-0.115,-0.025
15.952,-0.025,-0.03
15.954,0.14,-0.025
15.956,0.215,-0.01
15.958,0.085,0.015
15.96,0,0.045
15.962,0.155,0.08
15.964,0.375,0.11
15.966,0.28,0.135
15.968,0.29,0.145
15.97,0.365,0.135
15.972,0.28,0.1
15.974,0,0.045
15.976,-0.105,-0.035
15.978,-0.245,-0.12
15.98,-0.08,-0.215
15.982,-0.055,-0.3
15.984,-0.115,-0.38
15.986,-0.245,-0.44
15.988,-0.465,-0.485
15.99,-0.585,-0.51
15.992,-0.41,-0.52
15.994,-0.54,-0.515
15.996,-0.515,-0.505
15.998,-0.51,-0.49
16,-0.25,-0.465
16.002,-0.28,-0.435
16.004,-0.19,-0.405
16.006,-0.17,-0.36
16.008,-0.14,-0.31
16.01,-0.145,-0.255
16.012,-0.12,-0.195
16.014,-0.125,-0.13
16.016,-0.105,-0.07
16.018,0.065,-0.025
16.02,0.25,0.01
16.022,0.205,0.03
16.024,0.255,0.035
16.026,0.24,0.025
16.028,0.17,0.01
16.03,-0.035,-0.005
16.032,-0.09,-0.015
16.034,0.015,-0.015
16.036,-0.005,0
16.038,0.155,0.02
16.04,0.255,0.04
16.042,0.135,0.065
16.044,0.275,0.08
16.046,0.415,0.09
16.048,0.31,0.08
16.05,0.09,0.065
16.052,-0.045,0.04
16.054,-0.08,0.015
16.056,-0.09,-0.005
16.058,0.04,-0.02
16.06,0.125,-0.025
16.062,0.255,-0.015
16.064,0.345,0
16.066,0.22,0.015
16.068,0.115,0.035
16.07,0.115,0.045
16.072,0.01,0.05
16.074,-0.07,0.045
16.076,0,0.035
16.078,0.135,0.02
16.08,0.165,0.005
16.082,0.29,0
16.084,0.285,0
16.086,0.16,0.005
16.088,0.07,0.02
16.09,0.095,0.04
16.092,0.075,0.06
16.094,0.115,0.075
16.096,0.095,0.09
16.098,0.215,0.095
16.1,0.19,0.095
16.102,0.235,0.095
16.104,0.315,0.09
16.106,0.365,0.09
16.108,0.28,0.095
16.11,0.09,0.1
16.112,0.09,0.11
16.114,0.1,0.125
16.116,0.175,0.14
16.118,0.195,0.15
16.12,0.34,0.16
16.122,0.425,0.165
16.124,0.415,0.165
16.126,0.41,0.155
16.128,0.29,0.145
16.13,0.1,0.13
16.132,-0.02,0.115
16.134,0.04,0.1
16.136,0.07,0.09
16.138,0.24,0.08
16.14,0.29,0.08
16.142,0.325,0.085
16.144,0.305,0.095
16.146,0.22,0.11
16.148,0.235,0.13
16.15,0.195,0.145
16.152,0.125,0.165
16.154,0.14,0.18
16.156,0.29,0.19
16.158,0.4,0.2
16.16,0.37,0.205
16.162,0.35,0.21
16.164,0.45,0.215
16.166,0.425,0.22
16.168,0.28,0.225
16.17,0.31,0.235
16.172,0.23,0.245
16.174,0.215,0.255
16.176,0.2,0.265
16.178,0.27,0.27
16.18,0.54,0.275
16.182,0.55,0.275
16.184,0.525,0.27
16.186,0.475,0.265
16.188,0.295,0.26
16.19,0.26,0.255
16.192,0.23,0.255
16.194,0.28,0.255
16.196,0.355,0.26
16.198,0.36,0.26
16.2,0.395,0.255
16.202,0.5,0.25
16.204,0.48,0.235
16.206,0.395,0.22
16.208,0.225,0.2
16.21,0.09,0.175
16.212,-0.005,0.16
16.214,0.2,0.145
16.216,0.34,0.135
16.218,0.375,0.135
16.22,0.185,0.135
16.222,0.27,0.14
16.224,0.455,0.14
16.226,0.415,0.14
16.228,0.235,0.125
16.23,-0.005,0.11
16.232,-0.11,0.085
16.234,0.1,0.055
16.236,0.135,0.03
16.238,0.12,0.01
16.24,0.22,0.005
16.242,0.295,0.005
16.244,0.29,0.02
16.246,0.24,0.035
16.248,-0.05,0.05
16.25,0.04,0.06
16.252,0.205,0.065
16.254,0.12,0.055
16.256,0.01,0.035
16.258,0.035,0.01
16.26,0.12,-0.02
16.262,0.22,-0.04
16.264,0.155,-0.055
16.266,0.15,-0.055
16.268,-0.015,-0.05
16.27,0.055,-0.04
16.272,-0.08,-0.03
16.274,-0.025,-0.02
16.276,-0.02,-0.025
16.278,0.13,-0.03
16.28,0.145,-0.05
16.282,0.22,-0.065
16.284,0.07,-0.08
16.286,0.035,-0.09
16.288,0.02,-0.085
16.29,-0.02,-0.075
16.292,-0.08,-0.055
16.294,0.01,-0.035
16.296,0.045,-0.015
16.298,0.145,-0.005
16.3,0.245,0
16.302,0.26,0
16.304,0.075,-0.01
16.306,0.035,-0.02
16.308,0.13,-0.03
16.31,0.04,-0.035
16.312,-0.005,-0.04
16.314,-0.06,-0.04
16.316,0.01,-0.035
16.318,0.075,-0.035
16.32,0.09,-0.035
16.322,0.225,-0.035
16.324,0.15,-0.035
16.326,0.14,-0.035
16.328,0.005,-0.035
16.33,0.01,-0.035
16.332,-0.03,-0.035
16.334,0.015,-0.035
16.336,0.095,-0.035
16.338,0.235,-0.04
16.34,0.05,-0.05
16.342,0.09,-0.06
16.344,0.1,-0.075
16.346,-0.035,-0.085
16.348,0.015,-0.095
16.35,0.125,-0.1
16.352,-0.12,-0.1
16.354,-0.115,-0.09
16.356,-0.035,-0.08
16.358,0.11,-0.065
16.36,0.04,-0.05
16.362,0.21,-0.035
16.364,0.245,-0.02
16.366,0.195,-0.005
16.368,0.16,0.005
16.37,-0.06,0.015
16.372,-0.145,0.02
16.374,0.035,0.02
16.376,0.17,0.02
16.378,0.225,0.01
16.38,0.175,0
16.382,0.205,-0.01
16.384,0.19,-0.02
16.386,0.08,-0.025
16.388,0.005,-0.03
16.39,-0.075,-0.025
16.392,-0.11,-0.015
16.394,-0.025,0
16.396,0.135,0.015
16.398,0.29,0.03
16.4,0.345,0.04
16.402,0.34,0.04
16.404,0.165,0.03
16.406,0.065,0.015
16.408,-0.05,-0.01
16.41,-0.19,-0.03
16.412,-0.07,-0.055
16.414,0.065,-0.07
16.416,0.14,-0.075
16.418,0.1,-0.075
16.42,0.095,-0.07
16.422,0.07,-0.055
16.424,0.125,-0.045
16.426,0.13,-0.035
16.428,0.075,-0.025
16.43,-0.03,-0.02
16.432,-0.075,-0.02
16.434,0.005,-0.02
16.436,0.06,-0.025
16.438,0.2,-0.025
16.44,0.17,-0.025
16.442,0.12,-0.025
16.444,0.225,-0.025
16.446,0.19,-0.025
16.448,-0.03,-0.025
16.45,-0.175,-0.025
16.452,-0.02,-0.025
16.454,0.025,-0.02
16.456,0.125,-0.015
16.458,0.245,-0.01
16.46,0.225,0
16.462,0.215,0.005
16.464,0.085,0.01
16.466,0.08,0.01
16.468,0.145,0.005
16.47,0.045,-0.01
16.472,-0.1,-0.03
16.474,-0.07,-0.045
16.476,0.04,-0.06
16.478,0.14,-0.065
16.48,0.19,-0.06
16.482,0.12,-0.045
16.484,0.15,-0.025
16.486,0.15,-0.005
16.488,0.17,0.02
16.49,0.015,0.03
16.492,-0.095,0.03
16.494,-0.06,0.015
16.496,0.22,-0.01
16.498,0.175,-0.04
16.5,0.125,-0.07
16.502,0.105,-0.09
16.504,0.08,-0.1
16.506,-0.025,-0.09
16.508,-0.05,-0.07
16.51,-0.09,-0.04
16.512,0.015,-0.01
16.514,0.14,0.015
16.516,0.21,0.03
16.518,0.21,0.035
16.52,0.21,0.025
16.522,0.165,0.01
16.524,0.15,-0.005
16.526,0.145,-0.015
16.528,0.11,-0.015
16.53,-0.07,0
16.532,-0.045,0.025
16.534,-0.015,0.05
16.536,0.27,0.075
16.538,0.475,0.095
16.54,0.35,0.095
16.542,0.29,0.08
16.544,0.255,0.055
16.546,-0.01,0.02
16.548,-0.19,-0.015
16.55,-0.065,-0.045
16.552,0.13,-0.065
16.554,0.08,-0.065
16.556,-0.005,-0.06
16.558,0.065,-0.045
16.56,0.27,-0.025
16.562,0.25,-0.01
16.564,0.18,0
16.566,-0.005,0
16.568,-0.055,0
16.57,-0.13,-0.01
16.572,-0.005,-0.015
16.574,0.07,-0.02
16.576,0.25,-0.02
16.578,0.275,-0.02
16.58,0.3,-0.015
16.582,0.12,-0.02
16.584,0.015,-0.025
16.586,-0.12,-0.035
16.588,-0.03,-0.055
16.59,-0.045,-0.075
16.592,-0.02,-0.095
16.594,-0.055,-0.105
16.596,0.045,-0.11
16.598,0.015,-0.1
16.6,0.245,-0.08
16.602,0.165,-0.05
16.604,0.155,-0.015
16.606,0.045,0.015
16.608,-0.04,0.04
16.61,0.035,0.05
16.612,0.14,0.045
16.614,0.15,0.035
16.616,0.2,0.01
16.618,0.14,-0.015
16.62,0.175,-0.04
16.622,0.2,-0.055
16.624,0.12,-0.065
16.626,-0.12,-0.06
16.628,-0.06,-0.045
16.63,-0.11,-0.025
16.632,0.035,0
16.634,0.31,0.025
16.636,0.205,0.05
16.638,0.225,0.065
16.64,0.295,0.075
16.642,0.265,0.08
16.644,0.255,0.075
16.646,0.22,0.06
16.648,0.13,0.035
16.65,-0.095,-0.005
16.652,-0.08,-0.05
16.654,0.025,-0.115
16.656,-0.005,-0.185
16.658,-0.09,-0.26
16.66,-0.1,-0.34
16.662,-0.265,-0.415
16.664,-0.33,-0.48
16.666,-0.515,-0.53
16.668,-0.545,-0.565
16.67,-0.55,-0.575
16.672,-0.595,-0.565
16.674,-0.435,-0.535
16.676,-0.355,-0.49
16.678,-0.205,-0.435
16.68,-0.05,-0.37
16.682,-0.03,-0.305
16.684,-0.17,-0.245
16.686,-0.125,-0.19
16.688,-0.11,-0.145
16.69,-0.15,-0.11
16.692,-0.05,-0.09
16.694,-0.01,-0.085
16.696,0.155,-0.085
16.698,0.165,-0.09
16.7,0.205,-0.095
16.702,0,-0.095
16.704,-0.055,-0.09
16.706,0.06,-0.075
16.708,0.01,-0.055
16.71,0.03,-0.03
16.712,0.02,-0.005
16.714,0.135,0.02
16.716,0.175,0.035
16.718,0.2,0.045
16.72,0.275,0.04
16.722,0.23,0.03
16.724,0.165,0.015
16.726,0.06,0.005
16.728,-0.045,-0.005
16.73,-0.03,-0.01
16.732,0.065,0
16.734,0.1,0.015
16.736,0.275,0.035
16.738,0.255,0.05
16.74,0.325,0.07
16.742,0.285,0.075
16.744,0.165,0.075
16.746,0.17,0.065
16.748,0.1,0.05
16.75,0,0.03
16.752,-0.035,0.015
16.754,0.035,0
16.756,0.21,-0.01
16.758,0.305,-0.01
16.76,0.265,-0.01
16.762,0.23,-0.005
16.764,0.095,0.005
16.766,-0.005,0.01
16.768,0.09,0.015
16.77,-0.015,0.015
16.772,-0.06,0.02
16.774,-0.02,0.02
16.776,0.345,0.03
16.778,0.33,0.045
16.78,0.26,0.06
16.782,0.355,0.085
16.784,0.265,0.105
16.786,0.095,0.125
16.788,0.08,0.14
16.79,0.25,0.145
16.792,0.185,0.14
16.794,0.165,0.125
16.796,0.245,0.105
16.798,0.36,0.08
16.8,0.305,0.055
16.802,0.215,0.04
16.804,0.185,0.03
16.806,0.065,0.035
16.808,0.04,0.055
16.81,0.065,0.075
16.812,0.12,0.105
16.814,0.33,0.13
16.816,0.42,0.155
16.818,0.425,0.17
16.82,0.42,0.175
16.822,0.335,0.175
16.824,0.32,0.17
16.826,0.16,0.16
16.828,0.085,0.155
16.83,0.11,0.15
16.832,0.24,0.145
16.834,0.37,0.15
16.836,0.365,0.15
16.838,0.355,0.155
16.84,0.44,0.16
16.842,0.415,0.165
16.844,0.215,0.17
16.846,0.16,0.18
16.848,0.165,0.19
16.85,0.235,0.205
16.852,0.32,0.215
16.854,0.53,0.23
16.856,0.44,0.24
16.858,0.475,0.245
16.86,0.425,0.245
16.862,0.45,0.235
16.864,0.29,0.22
16.866,0.15,0.205
16.868,0.115,0.195
16.87,0.295,0.19
16.872,0.305,0.2
16.874,0.28,0.21
16.876,0.435,0.23
16.878,0.585,0.25
16.88,0.545,0.265
16.882,0.43,0.265
16.884,0.175,0.255
16.886,0.385,0.23
16.888,0.295,0.2
16.89,0.065,0.165
16.892,0.035,0.13
16.894,0.285,0.105
16.896,0.36,0.095
16.898,0.4,0.095
16.9,0.34,0.1
16.902,0.31,0.105
16.904,0.24,0.105
16.906,0.145,0.095
16.908,-0.075,0.075
16.91,0.065,0.045
16.912,0.165,0.01
16.914,0.11,-0.02
16.916,0.11,-0.045
16.918,0.21,-0.055
16.92,0.25,-0.05
16.922,0.205,-0.04
16.924,0.04,-0.02
16.926,-0.03,-0.005
16.928,0.015,0.005
16.93,0.08,0.005
16.932,0.145,-0.01
16.934,0.105,-0.03
16.936,0.075,-0.055
16.938,0.105,-0.075
16.94,0.085,-0.08
16.942,0.14,-0.08
16.944,-0.01,-0.07
16.946,0.01,-0.05
16.948,0.03,-0.035
16.95,0.045,-0.02
16.952,0.075,-0.015
16.954,0.18,-0.015
16.956,0.12,-0.025
16.958,0.175,-0.035
16.96,0.12,-0.045
16.962,0.165,-0.045
16.964,0.075,-0.04
16.966,0.02,-0.025
16.968,0.015,-0.01
16.97,0.07,0.005
16.972,0.11,0.015
16.974,0.29,0.015
16.976,0.15,0.005
16.978,0.185,-0.01
16.98,0.26,-0.03
16.982,0.09,-0.055
16.984,-0.13,-0.075
16.986,0.04,-0.09
16.988,0.005,-0.1
16.99,-0.205,-0.105
16.992,0.005,-0.105
16.994,0.08,-0.105
16.996,0.11,-0.1
16.998,0.175,-0.1
17,0.175,-0.1
17.002,0.125,-0.095
17.004,0.035,-0.09
17.006,-0.115,-0.08
17.008,-0.205,-0.065
17.01,-0.08,-0.05
17.012,0.12,-0.03
17.014,0.255,-0.015
17.016,0.275,-0.005
17.018,0.28,0
17.02,0.19,0
17.022,0.16,-0.01
17.024,0.12,-0.025
17.026,-0.095,-0.04
17.028,-0.125,-0.055
17.03,-0.095,-0.065
17.032,0.04,-0.07
17.034,0.19,-0.075
17.036,0.33,-0.065
17.038,0.225,-0.055
17.04,0.18,-0.04
17.042,0.055,-0.025
17.044,-0.01,-0.01
17.046,0.02,0.005
17.048,0.045,0.015
17.05,0.105,0.02
17.052,0.195,0.02
17.054,0.175,0.02
17.056,0.225,0.01
17.058,0.285,-0.005
17.06,0.235,-0.015
17.062,0.06,-0.03
17.064,-0.025,-0.045
17.066,-0.075,-0.055
17.068,-0.11,-0.06
17.07,-0.03,-0.065
17.072,0.135,-0.06
17.074,0.2,-0.055
17.076,0.31,-0.05
17.078,0.22,-0.045
17.08,0.155,-0.04
17.082,0.02,-0.035
17.084,-0.08,-0.035
17.086,-0.155,-0.04
17.088,-0.005,-0.045
17.09,0.14,-0.05
17.092,0.16,-0.055
17.094,0.13,-0.055
17.096,0.17,-0.045
17.098,0.185,-0.035
17.1,0.23,-0.02
17.102,0.165,-0.005
17.104,0.01,0.01
17.106,-0.045,0.02
17.108,0.065,0.025
17.11,0.145,0.02
17.112,0.19,0.01
17.114,0.2,-0.01
17.116,0.215,-0.025
17.118,0.155,-0.04
17.12,0.13,-0.045
17.122,0.035,-0.045
17.124,0.035,-0.035
17.126,-0.01,-0.02
17.128,0.055,0
17.13,0.085,0.02
17.132,0.2,0.03
17.134,0.24,0.035
17.136,0.345,0.03
17.138,0.27,0.015
17.14,0.205,-0.005
17.142,0.025,-0.03
17.144,-0.095,-0.05
17.146,-0.15,-0.06
17.148,-0.025,-0.065
17.15,0.05,-0.06
17.152,0.17,-0.05
17.154,0.215,-0.035
17.156,0.305,-0.02
17.158,0.22,-0.005
17.16,0.1,0
17.162,0.1,0
17.164,0.1,-0.005
17.166,0.03,-0.01
17.168,-0.04,-0.02
17.17,-0.06,-0.025
17.172,0.15,-0.025
17.174,0.23,-0.025
17.176,0.255,-0.025
17.178,0.285,-0.02
17.18,0.185,-0.015
17.182,0.025,-0.01
17.184,0.07,-0.015
17.186,-0.015,-0.02
17.188,-0.09,-0.025
17.19,-0.02,-0.03
17.192,0.075,-0.035
17.194,0.245,-0.04
17.196,0.36,-0.035
17.198,0.31,-0.025
17.2,0.15,-0.015
17.202,-0.045,0
17.204,0.01,0.015
17.206,0.03,0.03
17.208,0.125,0.04
17.21,0.25,0.045
17.212,0.285,0.045
17.214,0.24,0.04
17.216,0.23,0.035
17.218,0.3,0.02
17.22,0.165,0.01
17.222,-0.05,-0.005
17.224,0.06,-0.015
17.226,0.09,-0.02
17.228,0.045,-0.025
17.23,0.005,-0.025
17.232,0.18,-0.025
17.234,0.225,-0.015
17.236,0.28,-0.005
17.238,0.17,0.005
17.24,0.2,0.02
17.242,0.155,0.025
17.244,0.065,0.035
17.246,0.12,0.035
17.248,0.065,0.03
17.25,0.085,0.025
17.252,0.25,0.02
17.254,0.255,0.01
17.256,0.185,0
17.258,0.135,-0.01
17.26,0.175,-0.02
17.262,0.11,-0.03
17.264,0.04,-0.035
17.266,-0.045,-0.045
17.268,0.005,-0.055
17.27,-0.045,-0.055
17.272,0.105,-0.055
17.274,0.27,-0.045
17.276,0.305,-0.025
17.278,0.26,-0.005
17.28,0.19,0.02
17.282,0.15,0.045
17.284,0.085,0.06
17.286,0.09,0.06
17.288,0.165,0.05
17.29,0.165,0.025
17.292,0.175,-0.005
17.294,0.195,-0.04
17.296,0.125,-0.075
17.298,0.1,-0.095
17.3,-0.06,-0.1
17.302,0.015,-0.085
17.304,0.11,-0.05
17.306,0.045,-0.01
17.308,0.055,0.04
17.31,0.245,0.08
17.312,0.355,0.105
17.314,0.3,0.11
17.316,0.325,0.09
17.318,0.295,0.05
17.32,0.18,0
17.322,0.16,-0.05
17.324,-0.16,-0.1
17.326,-0.215,-0.13
17.328,-0.11,-0.14
17.33,0.01,-0.13
17.332,0.125,-0.1
17.334,0.27,-0.05
17.336,0.375,0.005
17.338,0.31,0.06
17.34,0.155,0.105
17.342,0.185,0.14
17.344,0.155,0.155
17.346,0.28,0.15
17.348,0.215,0.125
17.35,0.22,0.085
17.352,0.275,0.03
17.354,0.27,-0.035
17.356,0.08,-0.105
17.358,-0.07,-0.175
17.36,-0.14,-0.24
17.362,-0.3,-0.305
17.364,-0.27,-0.365
17.366,-0.29,-0.41
17.368,-0.35,-0.45
17.37,-0.405,-0.48
17.372,-0.445,-0.5
17.374,-0.285,-0.505
17.376,-0.22,-0.5
17.378,-0.165,-0.475
17.38,-0.255,-0.435
17.382,-0.295,-0.38
17.384,-0.3,-0.32
17.386,-0.235,-0.25
17.388,-0.09,-0.18
17.39,0,-0.12
17.392,0.215,-0.075
17.394,0.345,-0.045
17.396,0.275,-0.035
17.398,0.07,-0.035
17.4,0.095,-0.05
17.402,0.065,-0.065
17.404,-0.14,-0.075
17.406,-0.115,-0.08
17.408,0.085,-0.07
17.41,0.135,-0.055
17.412,0.145,-0.03
17.414,0.315,-0.005
17.416,0.29,0.015
17.418,0.31,0.025
17.42,0.19,0.03
17.422,-0.02,0.025
17.424,-0.105,0.015
17.426,0.085,0
17.428,0.11,-0.01
17.43,0.195,-0.015
17.432,0.235,-0.01
17.434,0.26,0.005
17.436,0.23,0.02
17.438,0.25,0.035
17.44,0.13,0.05
17.442,0.085,0.06
17.444,0.06,0.065
17.446,0.195,0.065
17.448,0.275,0.06
17.45,0.25,0.055
17.452,0.17,0.055
17.454,0.315,0.055
17.456,0.31,0.06
17.458,0.3,0.07
17.46,0.195,0.075
17.462,0.14,0.08
17.464,0.075,0.08
17.466,0.085,0.075
17.468,0.13,0.06
17.47,0.24,0.045
17.472,0.325,0.03
17.474,0.32,0.02
17.476,0.17,0.015
17.478,0.235,0.02
17.48,0.165,0.03
17.482,0.105,0.05
17.484,0.12,0.07
17.486,0.225,0.085
17.488,0.325,0.1
17.49,0.255,0.1
17.492,0.195,0.09
17.494,0.305,0.07
17.496,0.285,0.05
17.498,0.155,0.03
17.5,0.17,0.015
17.502,0.175,0.01
17.504,0.035,0.025
17.506,0.085,0.05
17.508,0.15,0.085
17.51,0.415,0.125
17.512,0.485,0.16
17.514,0.41,0.19
17.516,0.355,0.21
17.518,0.38,0.21
17.52,0.325,0.205
17.522,0.335,0.19
17.524,0.185,0.17
17.526,0.13,0.16
17.528,0.255,0.155
17.53,0.44,0.16
17.532,0.45,0.175
17.534,0.51,0.195
17.536,0.425,0.215
17.538,0.285,0.235
17.54,0.18,0.24
17.542,0.405,0.24
17.544,0.365,0.23
17.546,0.33,0.21
17.548,0.22,0.19
17.55,0.33,0.175
17.552,0.44,0.16
17.554,0.435,0.155
17.556,0.38,0.16
17.558,0.36,0.175
17.56,0.235,0.185
17.562,0.255,0.2
17.564,0.29,0.21
17.566,0.3,0.215
17.568,0.31,0.215
17.57,0.37,0.215
17.572,0.4,0.205
17.574,0.515,0.2
17.576,0.51,0.2
17.578,0.36,0.195
17.58,0.28,0.2
17.582,0.17,0.205
17.584,0.17,0.21
17.586,0.37,0.215
17.588,0.395,0.215
17.59,0.365,0.21
17.592,0.49,0.2
17.594,0.535,0.185
17.596,0.365,0.17
17.598,0.24,0.15
17.6,0.205,0.135
17.602,0.275,0.115
17.604,0.08,0.1
17.606,0.075,0.085
17.608,0.175,0.07
17.61,0.365,0.055
17.612,0.45,0.045
17.614,0.285,0.03
17.616,0.115,0.015
17.618,0.16,0.005
17.62,0.12,0
17.622,0.03,-0.005
17.624,-0.04,-0.005
17.626,0.02,0
17.628,0.22,0.005
17.63,0.295,0.015
17.632,0.295,0.02
17.634,0.29,0.025
17.636,0.215,0.025
17.638,0.115,0.02
17.64,0.11,0.01
17.642,0.01,0
17.644,0.035,-0.01
17.646,0.05,-0.02
17.648,0.19,-0.03
17.65,0.155,-0.035
17.652,0.15,-0.035
17.654,0.36,-0.03
17.656,0.225,-0.02
17.658,0.03,-0.01
17.66,-0.03,0
17.662,-0.06,0.005
17.664,0.24,0.005
17.666,0.2,0
17.668,0.085,-0.01
17.67,0.12,-0.02
17.672,0.215,-0.035
17.674,0.265,-0.05
17.676,0.115,-0.06
17.678,0.085,-0.07
17.68,0.075,-0.075
17.682,-0.05,-0.07
17.684,-0.035,-0.065
17.686,-0.035,-0.055
17.688,0.115,-0.045
17.69,0.225,-0.03
17.692,0.28,-0.02
17.694,0.41,-0.015
17.696,0.22,-0.01
17.698,0.02,-0.01
17.7,-0.06,-0.02
17.702,0.005,-0.03
17.704,0.055,-0.045
17.706,0.13,-0.06
17.708,0.175,-0.07
17.71,0.1,-0.08
17.712,0.15,-0.08
17.714,0.16,-0.075
17.716,0.13,-0.06
17.718,0.105,-0.04
17.72,0.1,-0.015
17.722,0.05,0.005
17.724,0.03,0.025
17.726,0.23,0.04
17.728,0.29,0.045
17.73,0.13,0.045
17.732,0.275,0.045
17.734,0.26,0.035
17.736,0.195,0.03
17.738,0.1,0.015
17.74,0.14,0.005
17.742,0.165,-0.015
17.744,0.1,-0.03
17.746,0.06,-0.05
17.748,-0.045,-0.07
17.75,-0.005,-0.085
17.752,0.035,-0.1
17.754,0.23,-0.105
17.756,0.255,-0.105
17.758,0.075,-0.095
17.76,0.025,-0.08
17.762,-0.015,-0.06
17.764,0.045,-0.04
17.766,0.09,-0.025
17.768,0.16,-0.01
17.77,0.12,-0.005
17.772,0.255,-0.005
17.774,0.35,-0.005
17.776,0.22,-0.01
17.778,0.01,-0.015
17.78,0.02,-0.02
17.782,0.11,-0.025
17.784,0.085,-0.025
17.786,0,-0.025
17.788,0.115,-0.025
17.79,0.25,-0.03
17.792,0.28,-0.03
17.794,0.105,-0.03
17.796,0.115,-0.025
17.798,0.155,-0.02
17.8,0.165,-0.01
17.802,0.05,0
17.804,0.055,0.015
17.806,0.15,0.025
17.808,0.215,0.035
17.81,0.28,0.035
17.812,0.4,0.035
17.814,0.255,0.025
17.816,0.11,0.015
17.818,0.095,0.005
17.82,0.115,-0.005
17.822,-0.045,-0.01
17.824,0.155,-0.02
17.826,0.08,-0.025
17.828,0.195,-0.035
17.83,0.07,-0.045
17.832,0.26,-0.05
17.834,0.19,-0.06
17.836,0.11,-0.065
17.838,-0.04,-0.07
17.84,-0.035,-0.065
17.842,-0.045,-0.06
17.844,0.065,-0.055
17.846,0.155,-0.045
17.848,0.145,-0.04
17.85,0.13,-0.04
17.852,0.315,-0.04
17.854,0.15,-0.04
17.856,0.12,-0.045
17.858,0.01,-0.045
17.86,-0.015,-0.045
17.862,0.045,-0.04
17.864,0.105,-0.03
17.866,0.14,-0.025
17.868,0.135,-0.02
17.87,0.225,-0.02
17.872,0.175,-0.03
17.874,0.18,-0.035
17.876,0.24,-0.045
17.878,-0.04,-0.055
17.88,-0.05,-0.05
17.882,0.1,-0.04
17.884,0.085,-0.025
17.886,0.115,0
17.888,0.13,0.02
17.89,0.255,0.04
17.892,0.395,0.05
17.894,0.335,0.045
17.896,0.245,0.03
17.898,0.03,0.01
17.9,-0.07,-0.01
17.902,-0.095,-0.03
17.904,0.04,-0.045
17.906,0.175,-0.045
17.908,0.16,-0.04
17.91,0.255,-0.03
17.912,0.335,-0.02
17.914,0.255,-0.01
17.916,0.04,-0.01
17.918,0.075,-0.015
17.92,-0.045,-0.03
17.922,-0.065,-0.045
17.924,-0.035,-0.06
17.926,0.1,-0.075
17.928,0.15,-0.08
17.93,0.22,-0.075
17.932,0.24,-0.065
17.934,0.225,-0.045
17.936,0.09,-0.025
17.938,0.07,-0.005
17.94,0.095,0.02
17.942,0.05,0.035
17.944,0.115,0.05
17.946,0.105,0.065
17.948,0.285,0.07
17.95,0.445,0.075
17.952,0.33,0.075
17.954,0.37,0.07
17.956,0.31,0.06
17.958,0.095,0.045
17.96,-0.085,0.025
17.962,-0.005,0.005
17.964,0.06,-0.02
17.966,0.205,-0.04
17.968,0.16,-0.06
17.97,0.16,-0.07
17.972,0.195,-0.08
17.974,0.115,-0.085
17.976,0.015,-0.085
17.978,-0.015,-0.08
17.98,-0.02,-0.075
17.982,-0.06,-0.07
17.984,0.055,-0.065
17.986,0.16,-0.06
17.988,0.16,-0.05
17.99,0.205,-0.045
17.992,0.205,-0.04
17.994,0.105,-0.035
17.996,0.17,-0.035
17.998,0.14,-0.035
18,0.02,-0.035
18.002,-0.115,-0.04
18.004,-0.05,-0.045
18.006,0.18,-0.055
18.008,0.12,-0.055
18.01,0.26,-0.055
18.012,0.29,-0.045
18.014,0.165,-0.035
18.016,0.05,-0.02
18.018,0.045,-0.005
18.02,0.02,0.01
18.022,0.075,0.015
18.024,0.165,0.015
18.026,0.275,0.005
18.028,0.315,-0.01
18.03,0.095,-0.025
18.032,-0.005,-0.035
18.034,0.165,-0.045
18.036,0.175,-0.04
18.038,0.145,-0.03
18.04,0.03,-0.005
18.042,0.06,0.02
18.044,0.09,0.05
18.046,0.23,0.075
18.048,0.215,0.09
18.05,0.42,0.085
18.052,0.385,0.06
18.054,0.28,0.02
18.056,0.12,-0.045
18.058,-0.13,-0.12
18.06,-0.335,-0.205
18.062,-0.35,-0.285
18.064,-0.28,-0.365
18.066,-0.185,-0.435
18.068,-0.205,-0.48
18.07,-0.19,-0.51
18.072,-0.37,-0.52
18.074,-0.435,-0.51
18.076,-0.41,-0.485
18.078,-0.28,-0.455
18.08,-0.395,-0.415
18.082,-0.305,-0.38
18.084,-0.22,-0.345
18.086,-0.185,-0.315
18.088,-0.15,-0.29
18.09,0.01,-0.265
18.092,0.055,-0.24
18.094,0.095,-0.215
18.096,-0.075,-0.185
18.098,-0.09,-0.15
18.1,-0.225,-0.115
18.102,-0.105,-0.08
18.104,0.055,-0.045
18.106,0.245,-0.02
18.108,0.39,0
18.11,0.45,0.005
18.112,0.15,0.01
18.114,0.085,0.005
18.116,0.075,0
18.118,0.115,-0.005
18.12,-0.015,-0.005
18.122,-0.045,-0.005
18.124,0.085,0
18.126,0.295,0.005
18.128,0.265,0.01
18.13,0.28,0.015
18.132,0.29,0.02
18.134,0.125,0.015
18.136,0.05,0.01
18.138,0.145,0.005
18.14,-0.015,-0.005
18.142,-0.085,-0.01
18.144,0.17,-0.01
18.146,0.275,-0.01
18.148,0.235,0
18.15,0.3,0.015
18.152,0.12,0.03
18.154,0.21,0.045
18.156,0.245,0.055
18.158,0.1,0.06
18.16,0.05,0.06
18.162,0.135,0.055
18.164,0.175,0.045
18.166,0.18,0.03
18.168,0.18,0.025
18.17,0.2,0.025
18.172,0.26,0.03
18.174,0.275,0.04
18.176,0.195,0.055
18.178,0.125,0.07
18.18,0.165,0.08
18.182,0.05,0.08
18.184,0.14,0.07
18.186,0.185,0.055
18.188,0.325,0.035
18.19,0.275,0.025
18.192,0.315,0.025
18.194,0.195,0.04
18.196,0.1,0.07
18.198,0.12,0.11
18.2,0.075,0.15
18.202,0.32,0.18
18.204,0.405,0.2
18.206,0.38,0.195
18.208,0.42,0.175
18.21,0.415,0.14
18.212,0.285,0.1
18.214,0.115,0.06
18.216,0.085,0.04
18.218,0.04,0.035
18.22,0.07,0.05
18.222,0.16,0.08
18.224,0.315,0.12
18.226,0.42,0.155
18.228,0.42,0.18
18.23,0.5,0.195
18.232,0.445,0.19
18.234,0.28,0.175
18.236,0.045,0.155
18.238,0.02,0.135
18.24,0.235,0.125
18.242,0.31,0.125
18.244,0.34,0.14
18.246,0.405,0.16
18.248,0.41,0.18
18.25,0.41,0.2
18.252,0.445,0.205
18.254,0.355,0.205
18.256,0.185,0.2
18.258,0.115,0.19
18.26,0.185,0.185
18.262,0.315,0.185
18.264,0.35,0.195
18.266,0.43,0.21
18.268,0.615,0.235
18.27,0.535,0.265
18.272,0.41,0.285
18.274,0.4,0.295
18.276,0.315,0.295
18.278,0.23,0.28
18.28,0.28,0.26
18.282,0.31,0.23
18.284,0.405,0.205
18.286,0.375,0.18
18.288,0.45,0.165
18.29,0.335,0.16
18.292,0.405,0.16
18.294,0.265,0.165
18.296,0.22,0.17
18.298,0.16,0.175
18.3,0.23,0.17
18.302,0.265,0.16
18.304,0.255,0.145
18.306,0.265,0.12
18.308,0.295,0.095
18.31,0.285,0.07
18.312,0.37,0.05
18.314,0.215,0.025
18.316,0.1,0.01
18.318,-0.04,-0.005
18.32,-0.21,-0.01
18.322,-0.06,-0.015
18.324,0.255,-0.02
18.326,0.305,-0.02
18.328,0.22,-0.02
18.33,0.245,-0.02
18.332,0.18,-0.025
18.334,-0.005,-0.03
18.336,-0.015,-0.035
18.338,0,-0.04
18.34,0.04,-0.045
18.342,0.02,-0.04
18.344,0.075,-0.03
18.346,0.13,-0.015
18.348,0.255,0
18.35,0.265,0.02
18.352,0.36,0.04
18.354,0.215,0.05
18.356,0.065,0.05
18.358,-0.05,0.04
18.36,-0.01,0.02
18.362,0.09,0
18.364,0.18,-0.025
18.366,0.2,-0.04
18.368,0.16,-0.05
18.37,0.155,-0.055
18.372,0.15,-0.05
18.374,0.065,-0.035
18.376,0.02,-0.025
18.378,0.1,-0.015
18.38,-0.04,-0.01
18.382,0,-0.01
18.384,0.125,-0.02
18.386,0.32,-0.03
18.388,0.175,-0.035
18.39,0.16,-0.04
18.392,0.085,-0.04
18.394,0.05,-0.035
18.396,0.02,-0.03
18.398,0.045,-0.02
18.4,0.03,-0.02
18.402,0.04,-0.03
18.404,0.155,-0.04
18.406,0.135,-0.06
18.408,0.21,-0.075
18.41,0.12,-0.09
18.412,-0.035,-0.095
18.414,-0.105,-0.09
18.416,-0.005,-0.075
18.418,0.025,-0.05
18.42,0.04,-0.025
18.422,0.06,0
18.424,0.27,0.015
18.426,0.23,0.02
18.428,0.275,0.015
18.43,0.165,0
18.432,0.14,-0.015
18.434,0,-0.03
18.436,0.005,-0.04
18.438,-0.01,-0.04
18.44,-0.005,-0.035
18.442,0.145,-0.02
18.444,0.17,-0.01
18.446,0.1,0.005
18.448,0.23,0.01
18.45,0.215,0.01
18.452,0.205,0
18.454,0.12,-0.01
18.456,0.11,-0.02
18.458,-0.085,-0.025
18.46,-0.08,-0.035
18.462,0.1,-0.035
18.464,0.19,-0.03
18.466,0.175,-0.025
18.468,0.255,-0.02
18.47,0.18,-0.015
18.472,0.115,-0.01
18.474,0.065,-0.01
18.476,0.145,-0.005
18.478,-0.085,-0.005
18.48,-0.14,-0.01
18.482,0.175,-0.01
18.484,0.235,-0.015
18.486,0.22,-0.025
18.488,0.27,-0.035
18.49,0.275,-0.045
18.492,-0.03,-0.055
18.494,-0.075,-0.06
18.496,-0.015,-0.06
18.498,-0.105,-0.06
18.5,0.04,-0.05
18.502,0.13,-0.035
18.504,0.195,-0.02
18.506,0.285,0
18.508,0.255,0.015
18.51,0.235,0.025
18.512,0.13,0.03
18.514,0.1,0.03
18.516,0,0.02
18.518,0.01,0.005
18.52,0.025,-0.015
18.522,0.12,-0.035
18.524,0.115,-0.05
18.526,0.17,-0.065
18.528,0.255,-0.07
18.53,0.125,-0.065
18.532,0.02,-0.055
18.534,-0.045,-0.04
18.536,0.035,-0.02
18.538,0.055,-0.005
18.54,0.05,0.01
18.542,0.08,0.015
18.544,0.215,0.015
18.546,0.23,0.005
18.548,0.325,-0.01
18.55,0.235,-0.025
18.552,-0.005,-0.035
18.554,-0.005,-0.045
18.556,-0.09,-0.05
18.558,-0.08,-0.045
18.56,-0.07,-0.04
18.562,0.18,-0.03
18.564,0.225,-0.025
18.566,0.265,-0.015
18.568,0.3,-0.015
18.57,0.155,-0.015
18.572,0.035,-0.02
18.574,-0.025,-0.03
18.576,-0.115,-0.035
18.578,0.005,-0.045
18.58,0,-0.05
18.582,0.135,-0.055
18.584,0.135,-0.055
18.586,0.19,-0.055
18.588,0.19,-0.055
18.59,0.18,-0.045
18.592,0.035,-0.04
18.594,0.025,-0.025
18.596,0.015,-0.01
18.598,-0.055,0.005
18.6,-0.025,0.02
18.602,0.205,0.03
18.604,0.325,0.035
18.606,0.33,0.035
18.608,0.34,0.03
18.61,0.12,0.02
18.612,0.065,0.01
18.614,0.19,0
18.616,-0.01,-0.005
18.618,-0.19,-0.01
18.62,-0.05,-0.01
18.622,0.245,-0.005
18.624,0.255,0.005
18.626,0.3,0.01
18.628,0.25,0.01
18.63,0.13,0.01
18.632,0.07,0.01
18.634,0.07,0
18.636,-0.06,-0.01
18.638,0.02,-0.02
18.64,0.05,-0.03
18.642,0.16,-0.04
18.644,0.14,-0.05
18.646,0.095,-0.055
18.648,0.24,-0.055
18.65,0.085,-0.045
18.652,0.03,-0.035
18.654,0.04,-0.015
18.656,0.01,0.005
18.658,0.055,0.025
18.66,0.075,0.045
18.662,0.295,0.06
18.664,0.29,0.065
18.666,0.31,0.065
18.668,0.23,0.055
18.67,0.135,0.04
18.672,0.07,0.025
18.674,0.13,0.01
18.676,-0.02,0
18.678,-0.095,-0.005
18.68,0.15,-0.005
18.682,0.245,-0.005
18.684,0.17,-0.005
18.686,0.205,-0.005
18.688,0.22,-0.01
18.69,0.145,-0.015
18.692,0.08,-0.02
18.694,0.035,-0.025
18.696,-0.035,-0.03
18.698,-0.01,-0.03
18.7,0.075,-0.025
18.702,0.085,-0.02
18.704,0.08,-0.02
18.706,0.325,-0.02
18.708,0.345,-0.025
18.71,0.085,-0.04
18.712,-0.12,-0.05
18.714,-0.055,-0.065
18.716,-0.075,-0.075
18.718,-0.095,-0.08
18.72,0.065,-0.08
18.722,0.15,-0.07
18.724,0.115,-0.05
18.726,0.18,-0.03
18.728,0.155,-0.015
18.73,0.23,0
18.732,0.115,0.005
18.734,-0.025,0
18.736,-0.035,-0.01
18.738,0,-0.025
18.74,0.045,-0.035
18.742,0.19,-0.04
18.744,0.11,-0.04
18.746,0.265,-0.03
18.748,0.21,-0.01
18.75,0.08,0.015
18.752,-0.015,0.045
18.754,0.1,0.07
18.756,0.2,0.09
18.758,0.15,0.11
18.76,0.25,0.115
18.762,0.36,0.12
18.764,0.3,0.12
18.766,0.34,0.11
18.768,0.315,0.095
18.77,0.18,0.065
18.772,0.11,0.03
18.774,0.05,-0.02
18.776,0.035,-0.085
18.778,-0.345,-0.155
18.78,-0.205,-0.235
18.782,-0.165,-0.315
18.784,-0.1,-0.39
18.786,-0.135,-0.445
18.788,-0.315,-0.485
18.79,-0.435,-0.5
18.792,-0.515,-0.495
18.794,-0.615,-0.475
18.796,-0.455,-0.44
18.798,-0.21,-0.4
18.8,-0.17,-0.355
18.802,-0.115,-0.32
18.804,-0.155,-0.285
18.806,-0.025,-0.25
18.808,-0.095,-0.22
18.81,-0.065,-0.19
18.812,-0.025,-0.16
18.814,-0.17,-0.12
18.816,-0.01,-0.085
18.818,0.03,-0.05
18.82,0.01,-0.025
18.822,0.12,-0.005
18.824,0.26,0.005
18.826,0.395,0.005
18.828,0.22,0
18.83,0.065,-0.01
18.832,-0.005,-0.025
18.834,-0.1,-0.03
18.836,-0.07,-0.035
18.838,0.01,-0.03
18.84,0.19,-0.02
18.842,0.255,-0.005
18.844,0.245,0.015
18.846,0.17,0.03
18.848,0.19,0.05
18.85,0.18,0.06
18.852,0.135,0.075
18.854,0.15,0.085
18.856,0.165,0.09
18.858,0.095,0.095
18.86,0.245,0.095
18.862,0.255,0.09
18.864,0.24,0.08
18.866,0.25,0.065
18.868,0.225,0.05
18.87,0.255,0.025
18.872,0.135,0.005
18.874,-0.055,-0.01
18.876,-0.015,-0.025
18.878,-0.08,-0.03
18.88,0.055,-0.03
18.882,0.205,-0.02
18.884,0.26,-0.005
18.886,0.29,0.015
18.888,0.245,0.035
18.89,0.13,0.05
18.892,0.09,0.07
18.894,0.065,0.08
18.896,0.12,0.09
18.898,0.245,0.095
18.9,0.215,0.095
18.902,0.27,0.09
18.904,0.285,0.085
18.906,0.295,0.075
18.908,0.275,0.07
18.91,0.14,0.065
18.912,0.155,0.065
18.914,0.045,0.065
18.916,0.13,0.07
18.918,0.04,0.08
18.92,0.23,0.09
18.922,0.295,0.1
18.924,0.405,0.105
18.926,0.415,0.115
18.928,0.31,0.12
18.93,0.17,0.12
18.932,0.085,0.125
18.934,0.095,0.125
18.936,0.16,0.13
18.938,0.17,0.135
18.94,0.27,0.145
18.942,0.45,0.155
18.944,0.455,0.165
18.946,0.36,0.17
18.948,0.38,0.17
18.95,0.215,0.165
18.952,0.185,0.155
18.954,0.095,0.14
18.956,0.06,0.12
18.958,0.085,0.11
18.96,0.265,0.105
18.962,0.39,0.115
18.964,0.535,0.13
18.966,0.465,0.16
18.968,0.26,0.19
18.97,0.085,0.225
18.972,0.275,0.25
18.974,0.185,0.265
18.976,0.405,0.27
18.978,0.425,0.26
18.98,0.445,0.245
18.982,0.36,0.225
18.984,0.35,0.21
18.986,0.33,0.2
18.988,0.405,0.2
18.99,0.26,0.21
18.992,0.335,0.23
18.994,0.24,0.245
18.996,0.25,0.26
18.998,0.32,0.27
19,0.435,0.265
19.002,0.465,0.25
19.004,0.5,0.23
19.006,0.425,0.2
19.008,0.295,0.175
19.01,0.18,0.155
19.012,0.12,0.145
19.014,0.085,0.135
19.016,0.115,0.135
19.018,0.19,0.14
19.02,0.395,0.14
19.022,0.38,0.14
19.024,0.395,0.135
19.026,0.39,0.125
19.028,0.19,0.115
19.03,0.02,0.1
19.032,0.17,0.085
19.034,0.075,0.07
19.036,0.065,0.06
19.038,0.075,0.045
19.04,0.235,0.04
19.042,0.265,0.03
19.044,0.265,0.02
19.046,0.18,0.01
19.048,0.07,-0.005
19.05,0.01,-0.015
19.052,0.125,-0.025
19.054,-0.01,-0.035
19.056,-0.12,-0.04
19.058,0.005,-0.04
19.06,0.185,-0.035
19.062,0.195,-0.025
19.064,0.275,-0.015
19.066,0.265,-0.005
19.068,0.095,0.005
19.07,-0.01,0.01
19.072,0.085,0.01
19.074,-0.06,0.005
19.076,0.01,0
19.078,0.165,-0.015
19.08,0.2,-0.025
19.082,0.145,-0.04
19.084,0.14,-0.05
19.086,0.065,-0.055
19.088,0.055,-0.06
19.09,0.065,-0.06
19.092,0.05,-0.055
19.094,-0.11,-0.05
19.096,-0.05,-0.04
19.098,0.14,-0.035
19.1,0.245,-0.025
19.102,0.205,-0.02
19.104,0.135,-0.015
19.106,0.115,-0.015
19.108,0.095,-0.02
19.11,0.155,-0.025
19.112,-0.055,-0.035
19.114,-0.03,-0.05
19.116,0.03,-0.055
19.118,0.09,-0.065
19.12,0.02,-0.065
19.122,0.095,-0.06
19.124,0.22,-0.05
19.126,0.175,-0.035
19.128,0.06,-0.02
19.13,0.085,-0.005
19.132,-0.02,0.01
19.134,0.045,0.01
19.136,0.075,0.01
19.138,0.115,0
19.14,0.155,-0.01
19.142,0.19,-0.025
19.144,0.13,-0.035
19.146,0.18,-0.04
19.148,0.11,-0.035
19.15,-0.015,-0.03
19.152,-0.075,-0.02
19.154,-0.055,-0.01
19.156,0.18,0
19.158,0.12,0
19.16,0.17,0
19.162,0.22,-0.005
19.164,0.215,-0.015
19.166,0.16,-0.025
19.168,0.04,-0.03
19.17,-0.015,-0.04
19.172,-0.075,-0.04
19.174,-0.12,-0.045
19.176,0.03,-0.045
19.178,0.265,-0.045
19.18,0.095,-0.05
19.182,0.215,-0.055
19.184,0.195,-0.06
19.186,0.16,-0.07
19.188,-0.12,-0.075
19.19,-0.12,-0.08
19.192,-0.065,-0.08
19.194,0.025,-0.08
19.196,-0.01,-0.07
19.198,0.105,-0.06
19.2,0.205,-0.045
19.202,0.24,-0.03
19.204,0.2,-0.01
19.206,0.1,0.01
19.208,0.165,0.025
19.21,0.015,0.04
19.212,0.02,0.055
19.214,0.025,0.06
19.216,0.15,0.06
19.218,0.3,0.055
19.22,0.35,0.04
19.222,0.31,0.025
19.224,0.235,0
19.226,-0.035,-0.02
19.228,-0.075,-0.04
19.23,-0.01,-0.05
19.232,-0.065,-0.055
19.234,-0.04,-0.05
19.236,0.17,-0.035
19.238,0.135,-0.02
19.24,0.165,-0.005
19.242,0.275,0.01
19.244,0.215,0.015
19.246,0.17,0.01
19.248,0.095,-0.005
19.25,-0.01,-0.02
19.252,-0.1,-0.04
19.254,-0.115,-0.06
19.256,0.03,-0.075
19.258,0.19,-0.08
19.26,0.145,-0.075
19.262,0.16,-0.06
19.264,0.21,-0.045
19.266,0.095,-0.025
19.268,0.03,-0.01
19.27,0.065,0
19.272,0.01,0.005
19.274,-0.01,0.005
19.276,0.075,-0.005
19.278,0.21,-0.015
19.28,0.235,-0.025
19.282,0.19,-0.03
19.284,0.125,-0.035
19.286,0.055,-0.035
19.288,-0.005,-0.03
19.29,0.08,-0.02
19.292,0.07,-0.015
19.294,0.04,-0.005
19.296,0.105,0
19.298,0.12,0.005
19.3,0.11,0.005
19.302,0.155,0
19.304,0.29,-0.005
19.306,0.28,-0.015
19.308,0.09,-0.025
19.31,-0.06,-0.035
19.312,-0.15,-0.045
19.314,-0.045,-0.05
19.316,0.05,-0.05
19.318,0.175,-0.04
19.32,0.19,-0.03
19.322,0.27,-0.01
19.324,0.215,0.005
19.326,0.135,0.02
19.328,0.05,0.03
19.33,0.08,0.03
19.332,0.055,0.02
19.334,0.04,0
19.336,0.13,-0.025
19.338,0.115,-0.055
19.34,0.025,-0.075
19.342,0.045,-0.09
19.344,0.11,-0.09
19.346,0.175,-0.08
19.348,0.01,-0.06
19.35,0.005,-0.04
19.352,-0.045,-0.02
19.354,0.04,-0.005
19.356,0.165,-0.005
19.358,0.21,-0.01
19.36,0.13,-0.02
19.362,0.09,-0.035
19.364,0.135,-0.045
19.366,0.07,-0.05
19.368,0.075,-0.04
19.37,0.035,-0.025
19.372,-0.015,0
19.374,0.075,0.025
19.376,0.195,0.045
19.378,0.265,0.06
19.38,0.28,0.06
19.382,0.21,0.05
19.384,0.205,0.025
19.386,0.25,0
19.388,0.055,-0.03
19.39,-0.07,-0.055
19.392,-0.165,-0.065
19.394,-0.085,-0.065
19.396,0.09,-0.05
19.398,0.185,-0.025
19.4,0.345,0.005
19.402,0.38,0.03
19.404,0.19,0.05
19.406,0.17,0.06
19.408,0.13,0.055
19.41,0.04,0.035
19.412,0,0.01
19.414,0.045,-0.025
19.416,0.03,-0.055
19.418,0.035,-0.075
19.42,0.085,-0.085
19.422,0.23,-0.08
19.424,0.12,-0.07
19.426,0.045,-0.045
19.428,0.06,-0.025
19.43,0.07,0
19.432,0.015,0.015
19.434,0.06,0.025
19.436,0.205,0.025
19.438,0.21,0.02
19.44,0.145,0.005
19.442,0.235,-0.01
19.444,0.19,-0.025
19.446,0.135,-0.035
19.448,0,-0.045
19.45,-0.03,-0.05
19.452,-0.14,-0.055
19.454,0.015,-0.055
19.456,0.11,-0.055
19.458,0.205,-0.055
19.46,0.265,-0.05
19.462,0.15,-0.045
19.464,0.12,-0.045
19.466,0.105,-0.045
19.468,-0.06,-0.045
19.47,0.02,-0.045
19.472,0.03,-0.05
19.474,-0.075,-0.06
19.476,-0.02,-0.065
19.478,0.19,-0.07
19.48,0.12,-0.065
19.482,0.27,-0.06
19.484,0.155,-0.04
19.486,0.115,-0.015
19.488,-0.03,0.01
19.49,-0.015,0.04
19.492,0.08,0.06
19.494,0.26,0.075
19.496,0.37,0.08
19.498,0.21,0.075
19.5,0.21,0.06
19.502,0.255,0.04
19.504,0.165,0.015
19.506,0.025,-0.01
19.508,0.02,-0.04
19.51,0.015,-0.075
19.512,-0.105,-0.12
19.514,-0.14,-0.18
19.516,-0.09,-0.245
19.518,-0.19,-0.325
19.52,-0.07,-0.405
19.522,-0.305,-0.485
19.524,-0.525,-0.55
19.526,-0.58,-0.595
19.528,-0.55,-0.615
19.53,-0.59,-0.605
19.532,-0.525,-0.57
19.534,-0.37,-0.515
19.536,-0.155,-0.455
19.538,-0.19,-0.39
19.54,-0.12,-0.33
19.542,-0.03,-0.28
19.544,-0.08,-0.24
19.546,-0.12,-0.205
19.548,-0.165,-0.18
19.55,-0.035,-0.155
19.552,-0.02,-0.125
19.554,-0.02,-0.095
19.556,0.075,-0.065
19.558,0.275,-0.04
19.56,0.32,-0.02
19.562,0.155,-0.005
19.564,-0.015,0
19.566,0.07,0
19.568,0.17,-0.01
19.57,0.045,-0.02
19.572,0.025,-0.025
19.574,0.005,-0.03
19.576,0.1,-0.035
19.578,0.095,-0.035
19.58,0.26,-0.04
19.582,0.36,-0.04
19.584,0.155,-0.05
19.586,-0.19,-0.06
19.588,-0.075,-0.07
19.59,-0.03,-0.08
19.592,0.035,-0.085
19.594,0.065,-0.085
19.596,0.125,-0.075
19.598,0.145,-0.055
19.6,0.18,-0.035
19.602,0.19,-0.005
19.604,0.26,0.02
19.606,0.105,0.04
19.608,0.1,0.06
19.61,-0.03,0.07
19.612,0.095,0.08
19.614,0.3,0.08
19.616,0.235,0.08
19.618,0.355,0.08
19.62,0.32,0.075
19.622,0.215,0.065
19.624,0.19,0.055
19.626,0.19,0.045
19.628,0.075,0.035
19.63,-0.05,0.025
19.632,0.03,0.02
19.634,0.12,0.025
19.636,0.335,0.04
19.638,0.28,0.055
19.64,0.415,0.08
19.642,0.37,0.1
19.644,0.255,0.11
19.646,0.145,0.115
19.648,0.05,0.105
19.65,0.02,0.08
19.652,0.14,0.05
19.654,0.16,0.02
19.656,0.2,-0.01
19.658,0.19,-0.025
19.66,0.225,-0.025
19.662,0.22,-0.015
19.664,0.155,0.015
19.666,0.13,0.045
19.668,0.17,0.08
19.67,0.21,0.11
19.672,0.065,0.13
19.674,0.21,0.14
19.676,0.36,0.14
19.678,0.395,0.135
19.68,0.435,0.13
19.682,0.395,0.125
19.684,0.175,0.13
19.686,0.055,0.145
19.688,0.16,0.16
19.69,0.295,0.18
19.692,0.325,0.195
19.694,0.355,0.205
19.696,0.355,0.21
19.698,0.365,0.2
19.7,0.485,0.19
19.702,0.35,0.18
19.704,0.275,0.17
19.706,0.23,0.165
19.708,0.185,0.165
19.71,0.28,0.17
19.712,0.265,0.18
19.714,0.315,0.19
19.716,0.45,0.2
19.718,0.445,0.205
19.72,0.485,0.2
19.722,0.34,0.195
19.724,0.235,0.185
19.726,0.185,0.175
19.728,0.135,0.17
19.73,0.275,0.165
19.732,0.29,0.165
19.734,0.33,0.165
19.736,0.435,0.165
19.738,0.29,0.165
19.74,0.275,0.165
19.742,0.32,0.165
19.744,0.415,0.16
19.746,0.34,0.15
19.748,0.04,0.145
19.75,0.08,0.14
19.752,0.245,0.135
19.754,0.35,0.13
19.756,0.29,0.125
19.758,0.46,0.12
19.76,0.325,0.11
19.762,0.21,0.1
19.764,0.1,0.085
19.766,0.06,0.07
19.768,0.15,0.055
19.77,0.185,0.035
19.772,0.135,0.02
19.774,0.215,0
19.776,0.16,-0.02
19.778,0.21,-0.04
19.78,0.2,-0.055
19.782,0.04,-0.075
19.784,-0.035,-0.085
19.786,-0.115,-0.095
19.788,-0.02,-0.1
19.79,-0.07,-0.1
19.792,0.04,-0.09
19.794,0.165,-0.08
19.796,0.175,-0.065
19.798,0.22,-0.05
19.8,0.24,-0.045
19.802,0.16,-0.04
19.804,0.005,-0.045
19.806,-0.035,-0.055
19.808,-0.075,-0.07
19.81,-0.035,-0.085
19.812,-0.05,-0.095
19.814,0.03,-0.1
19.816,0.08,-0.095
19.818,0.315,-0.085
19.82,0.205,-0.075
19.822,0.185,-0.06
19.824,0.065,-0.045
19.826,-0.08,-0.035
19.828,-0.135,-0.025
19.83,0,-0.02
19.832,0.19,-0.015
19.834,0.145,-0.015
19.836,0.295,-0.015
19.838,0.31,-0.01
19.84,0.31,-0.01
19.842,0.175,-0.015
19.844,-0.15,-0.015
19.846,-0.055,-0.025
19.848,-0.06,-0.04
19.85,0.055,-0.055
19.852,0.095,-0.07
19.854,0.19,-0.09
19.856,0.155,-0.1
19.858,0.055,-0.105
19.86,0.065,-0.105
19.862,0.03,-0.1
19.864,0.05,-0.09
19.866,0.05,-0.08
19.868,0.03,-0.07
19.87,0.08,-0.06
19.872,-0.045,-0.06
19.874,-0.015,-0.06
19.876,0.105,-0.06
19.878,0.3,-0.065
19.88,0.19,-0.065
19.882,0.125,-0.065
19.884,0.04,-0.06
19.886,-0.055,-0.055
19.888,-0.03,-0.045
19.89,0.055,-0.04
19.892,0.05,-0.035
19.894,0.1,-0.035
19.896,0.195,-0.04
19.898,0.235,-0.045
19.9,0.235,-0.05
19.902,0.04,-0.055
19.904,-0.09,-0.06
19.906,0.1,-0.06
19.908,0.045,-0.055
19.91,-0.02,-0.05
19.912,0.15,-0.04
19.914,0.18,-0.035
19.916,0.2,-0.025
19.918,0.24,-0.025
19.92,0.185,-0.03
19.922,0.17,-0.035
19.924,0.04,-0.05
19.926,-0.125,-0.065
19.928,-0.05,-0.08
19.93,-0.08,-0.095
19.932,0.01,-0.1
19.934,0.095,-0.105
19.936,0.12,-0.105
19.938,0.275,-0.1
19.94,0.165,-0.09
19.942,0,-0.085
19.944,-0.025,-0.075
19.946,0.07,-0.065
19.948,-0.015,-0.06
19.95,0.04,-0.055
19.952,0.065,-0.05
19.954,0.12,-0.045
19.956,0.14,-0.04
19.958,0.2,-0.035
19.96,0.145,-0.03
19.962,0.085,-0.03
19.964,0.165,-0.035
19.966,0.19,-0.045
19.968,0.095,-0.06
19.97,-0.095,-0.075
19.972,-0.085,-0.09
19.974,-0.115,-0.105
19.976,0.115,-0.115
19.978,0.195,-0.12
19.98,0.11,-0.115
19.982,0.14,-0.11
19.984,0.07,-0.095
19.986,-0.07,-0.08
19.988,0.05,-0.06
19.99,-0.025,-0.045
19.992,0.07,-0.03
19.994,0.21,-0.015
19.996,0.295,-0.005
19.998,0.21,0.01
